ImageID,Digit
1,0
2,4
3,2
4,5
5,8
6,6
7,0
8,8
9,7
10,7
11,1
12,8
13,1
14,3
15,9
16,4
17,7
18,3
19,7
20,0
21,7
22,2
23,7
24,7
25,1
26,4
27,3
28,9
29,7
30,4
31,1
32,1
33,2
34,0
35,9
36,3
37,1
38,4
39,2
40,0
41,7
42,3
43,6
44,1
45,0
46,6
47,2
48,9
49,4
50,8
51,1
52,8
53,8
54,6
55,6
56,8
57,6
58,8
59,8
60,1
61,0
62,8
63,8
64,2
65,7
66,7
67,1
68,3
69,1
70,6
71,6
72,8
73,6
74,6
75,1
76,6
77,0
78,4
79,4
80,7
81,8
82,3
83,0
84,4
85,4
86,1
87,3
88,2
89,9
90,6
91,6
92,9
93,9
94,0
95,1
96,2
97,7
98,1
99,3
100,6
101,3
102,4
103,2
104,3
105,9
106,7
107,7
108,2
109,4
110,3
111,4
112,6
113,1
114,5
115,6
116,3
117,0
118,3
119,5
120,1
121,4
122,1
123,1
124,8
125,2
126,2
127,1
128,1
129,2
130,7
131,9
132,3
133,7
134,9
135,7
136,7
137,5
138,1
139,9
140,8
141,2
142,6
143,9
144,1
145,4
146,9
147,3
148,9
149,1
150,9
151,7
152,9
153,7
154,7
155,2
156,7
157,4
158,8
159,0
160,3
161,7
162,9
163,4
164,8
165,0
166,6
167,7
168,2
169,2
170,9
171,4
172,7
173,1
174,3
175,8
176,3
177,4
178,6
179,4
180,7
181,7
182,4
183,8
184,0
185,0
186,0
187,8
188,6
189,2
190,0
191,8
192,4
193,9
194,6
195,0
196,2
197,0
198,6
199,4
200,3
201,8
202,4
203,0
204,9
205,5
206,3
207,3
208,7
209,2
210,7
211,3
212,2
213,5
214,5
215,2
216,6
217,6
218,5
219,5
220,1
221,7
222,2
223,3
224,5
225,2
226,9
227,0
228,2
229,8
230,4
231,8
232,7
233,6
234,9
235,0
236,4
237,1
238,7
239,7
240,1
241,7
242,5
243,0
244,8
245,0
246,0
247,8
248,2
249,7
250,4
251,0
252,1
253,4
254,2
255,2
256,7
257,2
258,2
259,2
260,9
261,1
262,9
263,4
264,9
265,5
266,1
267,7
268,3
269,9
270,3
271,5
272,1
273,4
274,7
275,2
276,1
277,0
278,5
279,7
280,2
281,0
282,6
283,9
284,5
285,8
286,6
287,8
288,0
289,7
290,5
291,2
292,0
293,0
294,4
295,2
296,6
297,6
298,7
299,5
300,0
301,8
302,5
303,3
304,9
305,1
306,6
307,8
308,9
309,4
310,9
311,7
312,6
313,1
314,3
315,8
316,0
317,1
318,6
319,4
320,3
321,4
322,0
323,2
324,5
325,2
326,1
327,9
328,1
329,3
330,2
331,5
332,6
333,1
334,3
335,0
336,5
337,8
338,4
339,6
340,7
341,1
342,7
343,0
344,3
345,1
346,3
347,5
348,4
349,3
350,3
351,1
352,4
353,0
354,8
355,0
356,9
357,6
358,5
359,5
360,9
361,2
362,9
363,5
364,9
365,8
366,3
367,1
368,7
369,5
370,0
371,8
372,6
373,8
374,9
375,3
376,2
377,7
378,6
379,0
380,1
381,8
382,3
383,9
384,5
385,5
386,2
387,4
388,8
389,0
390,0
391,1
392,0
393,8
394,8
395,7
396,8
397,5
398,2
399,8
400,6
401,8
402,3
403,6
404,2
405,7
406,0
407,4
408,4
409,2
410,8
411,2
412,0
413,1
414,0
415,5
416,4
417,3
418,4
419,3
420,0
421,9
422,8
423,8
424,4
425,9
426,4
427,5
428,6
429,1
430,6
431,3
432,5
433,7
434,3
435,9
436,5
437,2
438,4
439,4
440,9
441,0
442,5
443,1
444,3
445,3
446,7
447,7
448,2
449,6
450,4
451,2
452,6
453,0
454,4
455,7
456,7
457,2
458,7
459,1
460,0
461,6
462,2
463,1
464,5
465,3
466,8
467,3
468,0
469,3
470,8
471,9
472,1
473,5
474,4
475,1
476,6
477,6
478,0
479,7
480,4
481,3
482,9
483,9
484,1
485,8
486,4
487,9
488,5
489,2
490,4
491,1
492,7
493,1
494,0
495,2
496,1
497,9
498,9
499,9
500,0
501,6
502,8
503,4
504,3
505,7
506,5
507,6
508,1
509,5
510,6
511,7
512,3
513,6
514,8
515,2
516,4
517,3
518,8
519,7
520,5
521,3
522,6
523,5
524,3
525,1
526,6
527,3
528,8
529,1
530,7
531,1
532,9
533,5
534,9
535,7
536,7
537,8
538,2
539,7
540,2
541,3
542,6
543,6
544,9
545,0
546,6
547,6
548,5
549,5
550,0
551,4
552,7
553,2
554,1
555,1
556,2
557,0
558,1
559,5
560,5
561,7
562,7
563,4
564,9
565,8
566,8
567,3
568,2
569,7
570,9
571,1
572,9
573,1
574,7
575,6
576,2
577,9
578,4
579,4
580,4
581,7
582,0
583,5
584,7
585,4
586,3
587,5
588,0
589,2
590,1
591,6
592,8
593,8
594,2
595,7
596,1
597,7
598,0
599,1
600,0
601,8
602,2
603,8
604,7
605,8
606,2
607,1
608,0
609,3
610,5
611,2
612,0
613,8
614,1
615,3
616,3
617,5
618,0
619,4
620,1
621,1
622,0
623,1
624,7
625,5
626,0
627,7
628,1
629,4
630,2
631,2
632,9
633,6
634,9
635,7
636,6
637,6
638,5
639,5
640,0
641,5
642,1
643,9
644,7
645,3
646,5
647,2
648,7
649,0
650,3
651,3
652,0
653,4
654,7
655,1
656,2
657,7
658,6
659,2
660,9
661,6
662,2
663,3
664,8
665,4
666,6
667,9
668,7
669,1
670,9
671,5
672,4
673,1
674,3
675,8
676,0
677,4
678,1
679,1
680,0
681,0
682,7
683,3
684,8
685,3
686,5
687,6
688,8
689,9
690,6
691,2
692,1
693,9
694,8
695,1
696,3
697,5
698,2
699,6
700,3
701,7
702,7
703,9
704,1
705,0
706,5
707,7
708,5
709,7
710,9
711,4
712,2
713,3
714,8
715,8
716,6
717,3
718,0
719,1
720,2
721,2
722,1
723,7
724,2
725,6
726,9
727,9
728,6
729,5
730,7
731,2
732,0
733,0
734,3
735,0
736,6
737,3
738,5
739,6
740,6
741,1
742,7
743,0
744,5
745,8
746,2
747,3
748,2
749,9
750,2
751,4
752,9
753,6
754,4
755,7
756,3
757,9
758,5
759,0
760,7
761,9
762,8
763,9
764,4
765,7
766,2
767,1
768,7
769,3
770,8
771,0
772,5
773,2
774,4
775,6
776,9
777,7
778,4
779,1
780,1
781,3
782,3
783,5
784,3
785,4
786,2
787,3
788,6
789,6
790,6
791,5
792,6
793,1
794,5
795,3
796,2
797,7
798,4
799,1
800,1
801,3
802,8
803,8
804,1
805,3
806,6
807,5
808,5
809,2
810,9
811,3
812,1
813,7
814,4
815,4
816,0
817,3
818,9
819,4
820,4
821,1
822,4
823,6
824,9
825,4
826,6
827,6
828,8
829,9
830,5
831,8
832,1
833,9
834,9
835,3
836,2
837,7
838,5
839,9
840,1
841,1
842,0
843,0
844,7
845,9
846,6
847,6
848,4
849,1
850,3
851,9
852,0
853,5
854,6
855,6
856,3
857,0
858,9
859,2
860,9
861,4
862,1
863,7
864,8
865,0
866,0
867,1
868,9
869,0
870,8
871,6
872,1
873,1
874,4
875,1
876,7
877,1
878,7
879,1
880,5
881,1
882,1
883,4
884,0
885,0
886,9
887,5
888,4
889,0
890,7
891,3
892,8
893,8
894,8
895,2
896,8
897,8
898,8
899,6
900,5
901,7
902,5
903,7
904,3
905,1
906,1
907,8
908,1
909,2
910,9
911,1
912,5
913,0
914,3
915,9
916,8
917,1
918,7
919,5
920,0
921,6
922,6
923,8
924,4
925,8
926,0
927,2
928,4
929,2
930,7
931,6
932,6
933,9
934,5
935,0
936,1
937,0
938,7
939,1
940,8
941,4
942,2
943,6
944,1
945,0
946,3
947,2
948,9
949,1
950,9
951,5
952,0
953,3
954,3
955,9
956,2
957,7
958,5
959,5
960,1
961,9
962,1
963,4
964,1
965,3
966,4
967,1
968,3
969,6
970,6
971,1
972,9
973,2
974,3
975,8
976,3
977,3
978,4
979,1
980,6
981,3
982,2
983,9
984,4
985,9
986,2
987,9
988,4
989,7
990,0
991,2
992,4
993,8
994,3
995,5
996,3
997,8
998,6
999,4
1000,5
1001,3
1002,2
1003,6
1004,5
1005,8
1006,6
1007,6
1008,3
1009,2
1010,0
1011,5
1012,6
1013,0
1014,9
1015,2
1016,7
1017,1
1018,7
1019,4
1020,6
1021,6
1022,9
1023,5
1024,0
1025,4
1026,9
1027,8
1028,4
1029,5
1030,7
1031,6
1032,2
1033,6
1034,3
1035,3
1036,8
1037,9
1038,7
1039,3
1040,9
1041,4
1042,1
1043,3
1044,2
1045,4
1046,8
1047,6
1048,3
1049,1
1050,9
1051,1
1052,6
1053,1
1054,8
1055,9
1056,0
1057,3
1058,8
1059,7
1060,2
1061,4
1062,1
1063,6
1064,4
1065,7
1066,2
1067,1
1068,9
1069,8
1070,5
1071,1
1072,2
1073,6
1074,8
1075,3
1076,0
1077,2
1078,4
1079,1
1080,2
1081,4
1082,0
1083,3
1084,2
1085,6
1086,8
1087,6
1088,1
1089,3
1090,3
1091,0
1092,8
1093,6
1094,0
1095,9
1096,8
1097,7
1098,9
1099,8
1100,7
1101,9
1102,3
1103,9
1104,8
1105,9
1106,1
1107,9
1108,7
1109,1
1110,7
1111,6
1112,3
1113,8
1114,6
1115,0
1116,1
1117,3
1118,3
1119,8
1120,7
1121,1
1122,1
1123,6
1124,3
1125,8
1126,5
1127,6
1128,6
1129,8
1130,3
1131,0
1132,8
1133,6
1134,1
1135,9
1136,8
1137,1
1138,5
1139,2
1140,3
1141,0
1142,1
1143,4
1144,8
1145,8
1146,7
1147,7
1148,7
1149,9
1150,7
1151,3
1152,8
1153,9
1154,4
1155,4
1156,0
1157,5
1158,1
1159,3
1160,1
1161,7
1162,4
1163,2
1164,1
1165,9
1166,0
1167,0
1168,5
1169,9
1170,7
1171,6
1172,5
1173,9
1174,5
1175,5
1176,1
1177,3
1178,1
1179,0
1180,6
1181,1
1182,1
1183,1
1184,6
1185,4
1186,5
1187,3
1188,6
1189,2
1190,6
1191,7
1192,0
1193,8
1194,8
1195,9
1196,0
1197,8
1198,6
1199,2
1200,9
1201,2
1202,7
1203,3
1204,9
1205,9
1206,5
1207,1
1208,1
1209,6
1210,1
1211,1
1212,1
1213,5
1214,1
1215,2
1216,2
1217,6
1218,9
1219,3
1220,2
1221,9
1222,2
1223,9
1224,7
1225,6
1226,9
1227,3
1228,8
1229,2
1230,0
1231,2
1232,1
1233,4
1234,8
1235,7
1236,3
1237,8
1238,9
1239,1
1240,2
1241,2
1242,7
1243,4
1244,6
1245,6
1246,2
1247,7
1248,3
1249,6
1250,6
1251,4
1252,3
1253,2
1254,1
1255,4
1256,9
1257,4
1258,1
1259,7
1260,2
1261,0
1262,0
1263,1
1264,0
1265,3
1266,0
1267,7
1268,3
1269,1
1270,6
1271,6
1272,7
1273,0
1274,2
1275,8
1276,1
1277,7
1278,2
1279,8
1280,5
1281,8
1282,2
1283,5
1284,8
1285,4
1286,6
1287,8
1288,2
1289,5
1290,6
1291,8
1292,6
1293,1
1294,0
1295,4
1296,6
1297,1
1298,2
1299,7
1300,2
1301,6
1302,0
1303,0
1304,8
1305,3
1306,7
1307,7
1308,8
1309,7
1310,4
1311,5
1312,2
1313,5
1314,4
1315,0
1316,3
1317,8
1318,7
1319,7
1320,8
1321,0
1322,2
1323,3
1324,7
1325,9
1326,6
1327,3
1328,9
1329,9
1330,7
1331,5
1332,8
1333,5
1334,8
1335,7
1336,2
1337,2
1338,4
1339,0
1340,1
1341,2
1342,8
1343,5
1344,7
1345,5
1346,3
1347,2
1348,2
1349,1
1350,9
1351,5
1352,5
1353,3
1354,3
1355,1
1356,0
1357,0
1358,2
1359,6
1360,0
1361,7
1362,1
1363,5
1364,0
1365,0
1366,2
1367,8
1368,1
1369,4
1370,7
1371,1
1372,3
1373,8
1374,9
1375,0
1376,2
1377,1
1378,4
1379,1
1380,8
1381,7
1382,4
1383,2
1384,1
1385,5
1386,4
1387,8
1388,6
1389,0
1390,2
1391,4
1392,1
1393,6
1394,3
1395,8
1396,7
1397,9
1398,8
1399,8
1400,8
1401,0
1402,4
1403,3
1404,1
1405,1
1406,0
1407,5
1408,5
1409,6
1410,8
1411,9
1412,2
1413,1
1414,7
1415,7
1416,0
1417,8
1418,7
1419,4
1420,7
1421,9
1422,7
1423,0
1424,0
1425,1
1426,2
1427,6
1428,1
1429,5
1430,1
1431,2
1432,6
1433,7
1434,2
1435,5
1436,9
1437,2
1438,3
1439,1
1440,0
1441,9
1442,3
1443,3
1444,1
1445,9
1446,2
1447,9
1448,6
1449,4
1450,5
1451,5
1452,6
1453,0
1454,6
1455,2
1456,1
1457,1
1458,2
1459,7
1460,6
1461,6
1462,9
1463,2
1464,0
1465,2
1466,7
1467,3
1468,9
1469,5
1470,2
1471,9
1472,5
1473,0
1474,2
1475,0
1476,1
1477,2
1478,7
1479,0
1480,8
1481,5
1482,7
1483,9
1484,2
1485,0
1486,0
1487,8
1488,5
1489,7
1490,5
1491,8
1492,5
1493,4
1494,7
1495,8
1496,6
1497,1
1498,9
1499,2
1500,1
1501,0
1502,6
1503,4
1504,8
1505,5
1506,0
1507,1
1508,4
1509,9
1510,7
1511,5
1512,9
1513,4
1514,4
1515,5
1516,1
1517,0
1518,1
1519,2
1520,7
1521,1
1522,0
1523,1
1524,6
1525,8
1526,1
1527,3
1528,2
1529,3
1530,7
1531,4
1532,9
1533,8
1534,5
1535,4
1536,3
1537,1
1538,2
1539,2
1540,5
1541,4
1542,7
1543,2
1544,8
1545,0
1546,5
1547,1
1548,0
1549,7
1550,6
1551,3
1552,5
1553,4
1554,1
1555,3
1556,1
1557,2
1558,1
1559,9
1560,0
1561,8
1562,4
1563,9
1564,3
1565,0
1566,1
1567,0
1568,0
1569,2
1570,5
1571,2
1572,7
1573,6
1574,6
1575,0
1576,5
1577,1
1578,7
1579,4
1580,6
1581,7
1582,0
1583,4
1584,2
1585,8
1586,4
1587,4
1588,5
1589,2
1590,1
1591,6
1592,1
1593,6
1594,0
1595,1
1596,7
1597,6
1598,5
1599,3
1600,0
1601,1
1602,1
1603,1
1604,0
1605,4
1606,6
1607,1
1608,8
1609,6
1610,1
1611,7
1612,4
1613,7
1614,1
1615,9
1616,2
1617,7
1618,1
1619,9
1620,2
1621,0
1622,1
1623,2
1624,6
1625,5
1626,7
1627,1
1628,7
1629,4
1630,1
1631,6
1632,2
1633,8
1634,6
1635,8
1636,1
1637,0
1638,9
1639,8
1640,2
1641,7
1642,3
1643,0
1644,3
1645,8
1646,1
1647,9
1648,8
1649,8
1650,9
1651,2
1652,9
1653,3
1654,7
1655,1
1656,3
1657,2
1658,0
1659,5
1660,4
1661,7
1662,8
1663,7
1664,9
1665,9
1666,5
1667,2
1668,6
1669,9
1670,4
1671,3
1672,2
1673,0
1674,2
1675,3
1676,1
1677,6
1678,0
1679,5
1680,9
1681,5
1682,7
1683,1
1684,7
1685,1
1686,7
1687,5
1688,0
1689,7
1690,0
1691,5
1692,7
1693,8
1694,3
1695,4
1696,1
1697,6
1698,1
1699,2
1700,0
1701,0
1702,4
1703,1
1704,0
1705,2
1706,1
1707,9
1708,6
1709,2
1710,4
1711,2
1712,7
1713,9
1714,0
1715,9
1716,4
1717,5
1718,5
1719,2
1720,3
1721,2
1722,6
1723,0
1724,3
1725,1
1726,0
1727,7
1728,4
1729,3
1730,2
1731,2
1732,6
1733,1
1734,6
1735,6
1736,6
1737,8
1738,1
1739,3
1740,4
1741,4
1742,1
1743,1
1744,6
1745,9
1746,6
1747,4
1748,5
1749,9
1750,6
1751,7
1752,6
1753,4
1754,7
1755,3
1756,7
1757,5
1758,3
1759,7
1760,8
1761,4
1762,1
1763,1
1764,2
1765,6
1766,4
1767,1
1768,0
1769,7
1770,7
1771,9
1772,0
1773,6
1774,1
1775,1
1776,3
1777,7
1778,7
1779,9
1780,7
1781,8
1782,5
1783,7
1784,2
1785,1
1786,4
1787,8
1788,2
1789,7
1790,9
1791,8
1792,8
1793,6
1794,0
1795,8
1796,1
1797,0
1798,3
1799,2
1800,9
1801,0
1802,4
1803,7
1804,7
1805,1
1806,3
1807,2
1808,1
1809,2
1810,4
1811,1
1812,8
1813,3
1814,0
1815,6
1816,3
1817,4
1818,1
1819,9
1820,2
1821,3
1822,0
1823,9
1824,1
1825,0
1826,0
1827,2
1828,8
1829,6
1830,1
1831,9
1832,6
1833,2
1834,4
1835,5
1836,8
1837,9
1838,3
1839,6
1840,8
1841,1
1842,9
1843,3
1844,2
1845,4
1846,0
1847,9
1848,2
1849,8
1850,2
1851,8
1852,3
1853,1
1854,4
1855,7
1856,2
1857,3
1858,0
1859,1
1860,4
1861,3
1862,1
1863,7
1864,0
1865,2
1866,3
1867,6
1868,2
1869,5
1870,8
1871,4
1872,6
1873,3
1874,7
1875,5
1876,7
1877,1
1878,6
1879,8
1880,3
1881,7
1882,6
1883,0
1884,9
1885,9
1886,3
1887,9
1888,3
1889,3
1890,4
1891,4
1892,6
1893,9
1894,2
1895,1
1896,9
1897,9
1898,9
1899,3
1900,9
1901,3
1902,9
1903,6
1904,0
1905,1
1906,0
1907,1
1908,1
1909,5
1910,1
1911,5
1912,2
1913,4
1914,6
1915,5
1916,6
1917,2
1918,8
1919,2
1920,4
1921,9
1922,1
1923,5
1924,9
1925,5
1926,7
1927,3
1928,8
1929,4
1930,1
1931,9
1932,0
1933,5
1934,4
1935,6
1936,1
1937,8
1938,6
1939,1
1940,8
1941,5
1942,0
1943,4
1944,5
1945,5
1946,5
1947,5
1948,2
1949,9
1950,3
1951,7
1952,9
1953,8
1954,2
1955,5
1956,7
1957,2
1958,1
1959,1
1960,7
1961,2
1962,2
1963,2
1964,5
1965,6
1966,0
1967,2
1968,2
1969,9
1970,5
1971,7
1972,1
1973,1
1974,3
1975,1
1976,4
1977,8
1978,5
1979,9
1980,1
1981,2
1982,8
1983,6
1984,9
1985,7
1986,7
1987,6
1988,7
1989,8
1990,9
1991,4
1992,5
1993,4
1994,7
1995,7
1996,5
1997,8
1998,9
1999,9
2000,5
2001,4
2002,7
2003,1
2004,0
2005,8
2006,4
2007,2
2008,9
2009,9
2010,3
2011,0
2012,7
2013,5
2014,1
2015,1
2016,7
2017,8
2018,1
2019,3
2020,0
2021,8
2022,6
2023,5
2024,9
2025,6
2026,8
2027,1
2028,4
2029,6
2030,8
2031,2
2032,0
2033,9
2034,5
2035,0
2036,7
2037,1
2038,8
2039,3
2040,3
2041,6
2042,7
2043,9
2044,1
2045,7
2046,9
2047,6
2048,8
2049,9
2050,5
2051,2
2052,3
2053,0
2054,5
2055,4
2056,5
2057,5
2058,1
2059,4
2060,7
2061,0
2062,5
2063,0
2064,7
2065,5
2066,4
2067,9
2068,1
2069,3
2070,0
2071,0
2072,4
2073,4
2074,9
2075,5
2076,7
2077,9
2078,3
2079,0
2080,5
2081,6
2082,7
2083,8
2084,3
2085,2
2086,4
2087,4
2088,0
2089,0
2090,8
2091,9
2092,1
2093,1
2094,3
2095,5
2096,6
2097,7
2098,4
2099,8
2100,3
2101,5
2102,1
2103,9
2104,7
2105,7
2106,3
2107,0
2108,3
2109,3
2110,1
2111,1
2112,2
2113,2
2114,3
2115,8
2116,2
2117,2
2118,8
2119,1
2120,9
2121,1
2122,4
2123,1
2124,3
2125,6
2126,3
2127,4
2128,0
2129,5
2130,6
2131,3
2132,3
2133,3
2134,1
2135,8
2136,2
2137,9
2138,7
2139,1
2140,0
2141,8
2142,6
2143,8
2144,7
2145,5
2146,4
2147,4
2148,8
2149,1
2150,0
2151,1
2152,3
2153,5
2154,3
2155,5
2156,3
2157,0
2158,7
2159,1
2160,7
2161,9
2162,7
2163,8
2164,9
2165,0
2166,4
2167,1
2168,3
2169,6
2170,9
2171,3
2172,6
2173,0
2174,4
2175,1
2176,1
2177,1
2178,5
2179,1
2180,9
2181,1
2182,2
2183,4
2184,2
2185,2
2186,8
2187,2
2188,3
2189,1
2190,5
2191,1
2192,7
2193,7
2194,4
2195,8
2196,1
2197,2
2198,1
2199,6
2200,9
2201,1
2202,0
2203,2
2204,0
2205,2
2206,8
2207,3
2208,7
2209,3
2210,5
2211,0
2212,3
2213,3
2214,1
2215,6
2216,3
2217,0
2218,7
2219,4
2220,1
2221,6
2222,1
2223,7
2224,3
2225,6
2226,8
2227,3
2228,1
2229,6
2230,7
2231,7
2232,5
2233,2
2234,8
2235,0
2236,7
2237,7
2238,8
2239,7
2240,8
2241,1
2242,8
2243,8
2244,0
2245,2
2246,3
2247,9
2248,6
2249,2
2250,9
2251,4
2252,4
2253,3
2254,0
2255,5
2256,7
2257,8
2258,0
2259,5
2260,6
2261,9
2262,8
2263,8
2264,9
2265,3
2266,7
2267,7
2268,9
2269,6
2270,9
2271,9
2272,1
2273,3
2274,0
2275,8
2276,5
2277,0
2278,7
2279,9
2280,8
2281,1
2282,9
2283,9
2284,3
2285,3
2286,0
2287,6
2288,0
2289,1
2290,0
2291,7
2292,8
2293,0
2294,4
2295,6
2296,8
2297,0
2298,3
2299,8
2300,7
2301,4
2302,2
2303,9
2304,1
2305,6
2306,5
2307,3
2308,9
2309,1
2310,2
2311,7
2312,2
2313,0
2314,3
2315,4
2316,8
2317,0
2318,9
2319,5
2320,7
2321,1
2322,2
2323,5
2324,6
2325,1
2326,9
2327,6
2328,6
2329,0
2330,8
2331,5
2332,6
2333,9
2334,4
2335,4
2336,6
2337,4
2338,3
2339,6
2340,3
2341,5
2342,2
2343,1
2344,5
2345,9
2346,7
2347,0
2348,7
2349,6
2350,7
2351,0
2352,6
2353,3
2354,4
2355,2
2356,2
2357,0
2358,6
2359,7
2360,8
2361,9
2362,6
2363,7
2364,6
2365,4
2366,1
2367,7
2368,9
2369,1
2370,8
2371,7
2372,2
2373,9
2374,1
2375,3
2376,5
2377,9
2378,3
2379,1
2380,7
2381,6
2382,2
2383,4
2384,8
2385,4
2386,1
2387,2
2388,9
2389,0
2390,6
2391,0
2392,1
2393,4
2394,4
2395,5
2396,6
2397,5
2398,4
2399,9
2400,2
2401,4
2402,0
2403,0
2404,2
2405,3
2406,7
2407,3
2408,7
2409,1
2410,9
2411,6
2412,5
2413,9
2414,9
2415,8
2416,1
2417,9
2418,0
2419,3
2420,9
2421,0
2422,4
2423,8
2424,6
2425,9
2426,3
2427,9
2428,1
2429,0
2430,7
2431,1
2432,7
2433,2
2434,1
2435,2
2436,7
2437,7
2438,0
2439,6
2440,8
2441,2
2442,7
2443,3
2444,7
2445,3
2446,4
2447,1
2448,0
2449,5
2450,2
2451,0
2452,9
2453,1
2454,0
2455,4
2456,2
2457,0
2458,2
2459,1
2460,1
2461,7
2462,9
2463,9
2464,8
2465,9
2466,1
2467,6
2468,9
2469,0
2470,0
2471,9
2472,2
2473,5
2474,3
2475,7
2476,9
2477,1
2478,2
2479,1
2480,9
2481,4
2482,2
2483,6
2484,8
2485,8
2486,0
2487,2
2488,7
2489,9
2490,2
2491,3
2492,6
2493,4
2494,8
2495,2
2496,8
2497,2
2498,7
2499,6
2500,8
2501,1
2502,0
2503,7
2504,7
2505,4
2506,1
2507,8
2508,2
2509,9
2510,5
2511,2
2512,7
2513,8
2514,1
2515,2
2516,7
2517,8
2518,2
2519,3
2520,4
2521,5
2522,8
2523,9
2524,3
2525,1
2526,2
2527,7
2528,5
2529,9
2530,3
2531,2
2532,2
2533,2
2534,0
2535,3
2536,9
2537,0
2538,7
2539,0
2540,0
2541,9
2542,7
2543,9
2544,9
2545,3
2546,8
2547,1
2548,0
2549,5
2550,0
2551,3
2552,7
2553,9
2554,7
2555,1
2556,1
2557,2
2558,1
2559,3
2560,7
2561,4
2562,9
2563,6
2564,4
2565,8
2566,8
2567,7
2568,7
2569,8
2570,6
2571,7
2572,0
2573,1
2574,3
2575,3
2576,5
2577,6
2578,2
2579,7
2580,7
2581,8
2582,6
2583,2
2584,0
2585,4
2586,0
2587,7
2588,5
2589,8
2590,2
2591,7
2592,8
2593,0
2594,7
2595,5
2596,0
2597,8
2598,8
2599,5
2600,9
2601,2
2602,1
2603,5
2604,0
2605,7
2606,8
2607,5
2608,4
2609,5
2610,6
2611,5
2612,1
2613,1
2614,6
2615,7
2616,7
2617,9
2618,1
2619,1
2620,9
2621,5
2622,0
2623,2
2624,7
2625,4
2626,1
2627,2
2628,0
2629,2
2630,2
2631,1
2632,1
2633,7
2634,3
2635,2
2636,1
2637,3
2638,7
2639,4
2640,2
2641,0
2642,7
2643,6
2644,6
2645,7
2646,0
2647,1
2648,1
2649,7
2650,1
2651,0
2652,8
2653,6
2654,6
2655,3
2656,0
2657,4
2658,3
2659,5
2660,1
2661,4
2662,5
2663,7
2664,5
2665,2
2666,2
2667,1
2668,3
2669,1
2670,3
2671,8
2672,2
2673,2
2674,9
2675,4
2676,0
2677,4
2678,2
2679,4
2680,2
2681,1
2682,9
2683,7
2684,3
2685,4
2686,5
2687,9
2688,4
2689,1
2690,0
2691,8
2692,4
2693,9
2694,2
2695,3
2696,3
2697,8
2698,8
2699,0
2700,2
2701,4
2702,5
2703,4
2704,4
2705,4
2706,6
2707,2
2708,6
2709,6
2710,4
2711,1
2712,0
2713,4
2714,3
2715,8
2716,6
2717,2
2718,3
2719,0
2720,4
2721,3
2722,8
2723,3
2724,7
2725,1
2726,0
2727,9
2728,3
2729,2
2730,0
2731,8
2732,3
2733,3
2734,1
2735,0
2736,0
2737,5
2738,7
2739,3
2740,2
2741,1
2742,0
2743,1
2744,1
2745,1
2746,2
2747,5
2748,0
2749,6
2750,0
2751,9
2752,4
2753,3
2754,5
2755,0
2756,2
2757,3
2758,0
2759,7
2760,8
2761,4
2762,4
2763,6
2764,7
2765,8
2766,8
2767,6
2768,4
2769,9
2770,5
2771,7
2772,4
2773,9
2774,9
2775,6
2776,4
2777,0
2778,4
2779,9
2780,8
2781,6
2782,8
2783,2
2784,8
2785,4
2786,3
2787,0
2788,3
2789,6
2790,7
2791,2
2792,2
2793,5
2794,5
2795,2
2796,5
2797,8
2798,0
2799,7
2800,3
2801,2
2802,2
2803,8
2804,0
2805,7
2806,0
2807,8
2808,4
2809,7
2810,5
2811,8
2812,9
2813,2
2814,2
2815,1
2816,4
2817,8
2818,5
2819,2
2820,5
2821,0
2822,5
2823,6
2824,5
2825,8
2826,9
2827,3
2828,1
2829,0
2830,5
2831,2
2832,2
2833,9
2834,8
2835,8
2836,8
2837,1
2838,1
2839,0
2840,8
2841,6
2842,9
2843,7
2844,7
2845,1
2846,2
2847,4
2848,8
2849,9
2850,1
2851,5
2852,0
2853,7
2854,8
2855,9
2856,8
2857,4
2858,4
2859,8
2860,0
2861,6
2862,0
2863,7
2864,3
2865,1
2866,6
2867,1
2868,4
2869,5
2870,1
2871,3
2872,1
2873,5
2874,4
2875,0
2876,1
2877,8
2878,5
2879,6
2880,5
2881,6
2882,1
2883,1
2884,8
2885,4
2886,9
2887,7
2888,4
2889,7
2890,6
2891,3
2892,7
2893,1
2894,4
2895,5
2896,4
2897,7
2898,3
2899,0
2900,4
2901,4
2902,8
2903,2
2904,1
2905,8
2906,6
2907,2
2908,4
2909,5
2910,7
2911,8
2912,4
2913,5
2914,4
2915,0
2916,4
2917,2
2918,7
2919,2
2920,5
2921,4
2922,3
2923,7
2924,5
2925,0
2926,2
2927,6
2928,3
2929,8
2930,8
2931,3
2932,1
2933,5
2934,2
2935,7
2936,4
2937,1
2938,6
2939,9
2940,6
2941,5
2942,3
2943,1
2944,7
2945,8
2946,4
2947,2
2948,4
2949,7
2950,8
2951,2
2952,3
2953,9
2954,4
2955,7
2956,4
2957,8
2958,6
2959,8
2960,8
2961,2
2962,8
2963,1
2964,3
2965,2
2966,8
2967,0
2968,0
2969,0
2970,6
2971,1
2972,1
2973,0
2974,7
2975,2
2976,0
2977,4
2978,0
2979,7
2980,5
2981,4
2982,7
2983,5
2984,1
2985,2
2986,1
2987,1
2988,0
2989,4
2990,9
2991,7
2992,6
2993,3
2994,2
2995,0
2996,5
2997,9
2998,3
2999,5
3000,1
3001,3
3002,5
3003,5
3004,5
3005,3
3006,5
3007,4
3008,6
3009,6
3010,0
3011,0
3012,7
3013,9
3014,1
3015,3
3016,9
3017,9
3018,1
3019,7
3020,9
3021,0
3022,5
3023,5
3024,9
3025,6
3026,5
3027,0
3028,0
3029,2
3030,6
3031,1
3032,6
3033,9
3034,3
3035,9
3036,6
3037,9
3038,7
3039,9
3040,7
3041,7
3042,9
3043,2
3044,9
3045,0
3046,9
3047,3
3048,0
3049,0
3050,1
3051,1
3052,1
3053,2
3054,8
3055,1
3056,5
3057,7
3058,1
3059,7
3060,3
3061,6
3062,4
3063,8
3064,7
3065,6
3066,5
3067,6
3068,7
3069,6
3070,3
3071,1
3072,0
3073,0
3074,0
3075,1
3076,3
3077,9
3078,4
3079,2
3080,9
3081,7
3082,6
3083,5
3084,8
3085,3
3086,1
3087,3
3088,3
3089,6
3090,0
3091,9
3092,8
3093,0
3094,3
3095,7
3096,1
3097,5
3098,8
3099,1
3100,3
3101,4
3102,7
3103,2
3104,3
3105,7
3106,5
3107,4
3108,5
3109,0
3110,9
3111,1
3112,2
3113,0
3114,1
3115,5
3116,1
3117,1
3118,1
3119,0
3120,1
3121,6
3122,0
3123,1
3124,7
3125,7
3126,3
3127,6
3128,5
3129,0
3130,7
3131,7
3132,4
3133,4
3134,9
3135,9
3136,9
3137,8
3138,7
3139,9
3140,1
3141,2
3142,3
3143,9
3144,2
3145,6
3146,8
3147,1
3148,3
3149,0
3150,8
3151,1
3152,2
3153,1
3154,1
3155,1
3156,4
3157,7
3158,7
3159,1
3160,2
3161,0
3162,1
3163,6
3164,6
3165,6
3166,9
3167,6
3168,7
3169,6
3170,8
3171,5
3172,5
3173,5
3174,6
3175,0
3176,7
3177,9
3178,2
3179,6
3180,6
3181,9
3182,8
3183,1
3184,7
3185,0
3186,4
3187,9
3188,5
3189,3
3190,3
3191,8
3192,7
3193,3
3194,5
3195,5
3196,7
3197,0
3198,8
3199,2
3200,6
3201,1
3202,5
3203,4
3204,1
3205,5
3206,1
3207,7
3208,9
3209,6
3210,1
3211,7
3212,0
3213,1
3214,7
3215,9
3216,7
3217,0
3218,8
3219,9
3220,5
3221,1
3222,1
3223,4
3224,9
3225,2
3226,1
3227,4
3228,4
3229,3
3230,3
3231,4
3232,3
3233,1
3234,1
3235,3
3236,3
3237,2
3238,6
3239,1
3240,2
3241,6
3242,2
3243,6
3244,5
3245,3
3246,4
3247,9
3248,8
3249,4
3250,7
3251,5
3252,7
3253,2
3254,0
3255,1
3256,3
3257,3
3258,3
3259,7
3260,6
3261,6
3262,1
3263,2
3264,3
3265,8
3266,5
3267,3
3268,4
3269,5
3270,1
3271,1
3272,3
3273,7
3274,4
3275,1
3276,4
3277,7
3278,0
3279,0
3280,4
3281,0
3282,1
3283,9
3284,6
3285,9
3286,7
3287,6
3288,4
3289,1
3290,9
3291,7
3292,9
3293,5
3294,6
3295,9
3296,6
3297,8
3298,5
3299,6
3300,7
3301,7
3302,4
3303,6
3304,0
3305,4
3306,1
3307,7
3308,5
3309,0
3310,1
3311,5
3312,0
3313,2
3314,8
3315,8
3316,4
3317,6
3318,6
3319,0
3320,6
3321,0
3322,2
3323,1
3324,0
3325,3
3326,5
3327,7
3328,3
3329,2
3330,9
3331,9
3332,9
3333,3
3334,7
3335,2
3336,3
3337,0
3338,9
3339,0
3340,9
3341,2
3342,4
3343,2
3344,4
3345,7
3346,3
3347,7
3348,1
3349,7
3350,2
3351,6
3352,3
3353,4
3354,6
3355,2
3356,1
3357,9
3358,9
3359,8
3360,7
3361,7
3362,4
3363,5
3364,5
3365,9
3366,2
3367,1
3368,9
3369,3
3370,4
3371,7
3372,6
3373,0
3374,0
3375,5
3376,9
3377,2
3378,4
3379,4
3380,7
3381,1
3382,9
3383,9
3384,2
3385,3
3386,0
3387,8
3388,0
3389,1
3390,2
3391,8
3392,5
3393,6
3394,2
3395,3
3396,8
3397,6
3398,6
3399,3
3400,4
3401,6
3402,3
3403,6
3404,0
3405,4
3406,9
3407,0
3408,9
3409,2
3410,9
3411,0
3412,4
3413,6
3414,0
3415,1
3416,5
3417,7
3418,5
3419,3
3420,4
3421,5
3422,0
3423,9
3424,0
3425,9
3426,8
3427,6
3428,3
3429,7
3430,9
3431,4
3432,9
3433,3
3434,9
3435,3
3436,7
3437,3
3438,9
3439,3
3440,3
3441,1
3442,4
3443,8
3444,5
3445,7
3446,3
3447,7
3448,6
3449,6
3450,3
3451,7
3452,5
3453,0
3454,1
3455,8
3456,7
3457,6
3458,7
3459,8
3460,0
3461,9
3462,8
3463,6
3464,4
3465,4
3466,8
3467,9
3468,0
3469,7
3470,9
3471,2
3472,3
3473,7
3474,1
3475,4
3476,2
3477,7
3478,4
3479,3
3480,9
3481,7
3482,2
3483,9
3484,1
3485,4
3486,7
3487,4
3488,7
3489,2
3490,7
3491,0
3492,4
3493,8
3494,1
3495,4
3496,8
3497,1
3498,3
3499,9
3500,4
3501,0
3502,1
3503,9
3504,7
3505,4
3506,3
3507,6
3508,0
3509,0
3510,4
3511,6
3512,9
3513,7
3514,5
3515,4
3516,0
3517,3
3518,5
3519,9
3520,2
3521,1
3522,1
3523,1
3524,4
3525,8
3526,4
3527,2
3528,1
3529,1
3530,9
3531,5
3532,1
3533,2
3534,7
3535,5
3536,5
3537,1
3538,8
3539,2
3540,6
3541,7
3542,5
3543,4
3544,4
3545,7
3546,5
3547,4
3548,9
3549,4
3550,9
3551,9
3552,6
3553,6
3554,0
3555,8
3556,1
3557,5
3558,5
3559,6
3560,0
3561,6
3562,1
3563,2
3564,8
3565,1
3566,5
3567,5
3568,7
3569,0
3570,2
3571,5
3572,9
3573,1
3574,9
3575,6
3576,1
3577,1
3578,2
3579,7
3580,3
3581,1
3582,9
3583,4
3584,2
3585,4
3586,4
3587,1
3588,6
3589,9
3590,0
3591,0
3592,2
3593,6
3594,5
3595,9
3596,4
3597,4
3598,8
3599,0
3600,9
3601,9
3602,4
3603,0
3604,7
3605,6
3606,7
3607,1
3608,2
3609,1
3610,1
3611,3
3612,3
3613,0
3614,7
3615,4
3616,2
3617,0
3618,1
3619,5
3620,1
3621,3
3622,3
3623,1
3624,7
3625,9
3626,3
3627,1
3628,3
3629,1
3630,2
3631,7
3632,0
3633,6
3634,2
3635,7
3636,6
3637,0
3638,2
3639,1
3640,4
3641,1
3642,4
3643,4
3644,0
3645,1
3646,1
3647,5
3648,6
3649,4
3650,3
3651,9
3652,8
3653,1
3654,0
3655,0
3656,6
3657,8
3658,0
3659,6
3660,2
3661,4
3662,9
3663,4
3664,2
3665,9
3666,9
3667,9
3668,4
3669,6
3670,2
3671,0
3672,0
3673,9
3674,0
3675,5
3676,5
3677,7
3678,6
3679,7
3680,5
3681,4
3682,2
3683,9
3684,3
3685,2
3686,3
3687,8
3688,4
3689,6
3690,8
3691,0
3692,2
3693,4
3694,9
3695,6
3696,1
3697,5
3698,6
3699,5
3700,8
3701,5
3702,0
3703,6
3704,6
3705,6
3706,9
3707,9
3708,4
3709,0
3710,7
3711,5
3712,8
3713,7
3714,2
3715,4
3716,8
3717,6
3718,3
3719,6
3720,9
3721,9
3722,2
3723,4
3724,1
3725,8
3726,1
3727,1
3728,6
3729,4
3730,0
3731,7
3732,1
3733,3
3734,2
3735,4
3736,7
3737,0
3738,5
3739,2
3740,3
3741,4
3742,4
3743,8
3744,5
3745,3
3746,6
3747,1
3748,8
3749,2
3750,1
3751,5
3752,9
3753,8
3754,4
3755,6
3756,2
3757,5
3758,6
3759,8
3760,5
3761,0
3762,1
3763,6
3764,3
3765,9
3766,7
3767,3
3768,9
3769,3
3770,2
3771,7
3772,9
3773,7
3774,3
3775,1
3776,8
3777,9
3778,3
3779,5
3780,7
3781,6
3782,1
3783,1
3784,1
3785,0
3786,9
3787,9
3788,2
3789,9
3790,7
3791,1
3792,9
3793,9
3794,5
3795,8
3796,0
3797,2
3798,3
3799,1
3800,5
3801,2
3802,2
3803,9
3804,9
3805,0
3806,1
3807,4
3808,5
3809,9
3810,2
3811,5
3812,2
3813,2
3814,5
3815,3
3816,7
3817,8
3818,3
3819,0
3820,1
3821,7
3822,9
3823,7
3824,0
3825,4
3826,1
3827,4
3828,3
3829,9
3830,3
3831,2
3832,6
3833,4
3834,2
3835,2
3836,3
3837,9
3838,1
3839,3
3840,9
3841,8
3842,6
3843,3
3844,1
3845,1
3846,2
3847,1
3848,6
3849,6
3850,4
3851,0
3852,1
3853,1
3854,3
3855,8
3856,9
3857,6
3858,8
3859,3
3860,2
3861,8
3862,8
3863,2
3864,4
3865,6
3866,7
3867,4
3868,2
3869,7
3870,9
3871,9
3872,6
3873,4
3874,5
3875,5
3876,9
3877,6
3878,6
3879,9
3880,8
3881,0
3882,4
3883,8
3884,8
3885,0
3886,7
3887,7
3888,4
3889,8
3890,1
3891,4
3892,0
3893,8
3894,9
3895,0
3896,9
3897,7
3898,4
3899,1
3900,0
3901,7
3902,8
3903,7
3904,5
3905,2
3906,7
3907,1
3908,7
3909,4
3910,0
3911,7
3912,3
3913,2
3914,6
3915,8
3916,2
3917,6
3918,3
3919,5
3920,8
3921,3
3922,9
3923,3
3924,6
3925,1
3926,6
3927,4
3928,2
3929,9
3930,0
3931,0
3932,9
3933,9
3934,9
3935,9
3936,8
3937,5
3938,5
3939,8
3940,0
3941,5
3942,3
3943,1
3944,8
3945,0
3946,9
3947,2
3948,7
3949,3
3950,6
3951,4
3952,4
3953,2
3954,6
3955,9
3956,9
3957,9
3958,0
3959,7
3960,1
3961,7
3962,6
3963,6
3964,6
3965,1
3966,6
3967,6
3968,0
3969,6
3970,3
3971,4
3972,9
3973,4
3974,9
3975,1
3976,8
3977,4
3978,6
3979,1
3980,9
3981,8
3982,0
3983,2
3984,9
3985,1
3986,5
3987,7
3988,1
3989,8
3990,3
3991,1
3992,8
3993,1
3994,4
3995,6
3996,2
3997,3
3998,1
3999,1
4000,0
4001,0
4002,5
4003,2
4004,0
4005,9
4006,0
4007,2
4008,0
4009,1
4010,4
4011,4
4012,7
4013,4
4014,1
4015,7
4016,0
4017,1
4018,8
4019,0
4020,8
4021,2
4022,4
4023,8
4024,4
4025,9
4026,0
4027,0
4028,9
4029,4
4030,3
4031,2
4032,3
4033,9
4034,7
4035,2
4036,3
4037,4
4038,6
4039,5
4040,3
4041,0
4042,5
4043,3
4044,8
4045,4
4046,0
4047,1
4048,5
4049,8
4050,4
4051,3
4052,3
4053,2
4054,2
4055,4
4056,1
4057,6
4058,9
4059,0
4060,9
4061,8
4062,5
4063,6
4064,2
4065,0
4066,3
4067,7
4068,3
4069,8
4070,5
4071,9
4072,4
4073,1
4074,6
4075,0
4076,9
4077,4
4078,4
4079,4
4080,7
4081,3
4082,7
4083,8
4084,9
4085,7
4086,3
4087,7
4088,7
4089,0
4090,8
4091,4
4092,0
4093,0
4094,0
4095,1
4096,6
4097,3
4098,6
4099,6
4100,1
4101,9
4102,1
4103,6
4104,3
4105,4
4106,0
4107,9
4108,4
4109,7
4110,1
4111,9
4112,1
4113,7
4114,8
4115,3
4116,7
4117,5
4118,7
4119,5
4120,1
4121,9
4122,1
4123,7
4124,5
4125,6
4126,3
4127,6
4128,4
4129,8
4130,3
4131,5
4132,2
4133,5
4134,3
4135,7
4136,3
4137,8
4138,2
4139,2
4140,6
4141,1
4142,8
4143,1
4144,2
4145,2
4146,9
4147,0
4148,9
4149,0
4150,6
4151,4
4152,8
4153,0
4154,2
4155,7
4156,9
4157,1
4158,2
4159,1
4160,5
4161,1
4162,0
4163,9
4164,5
4165,0
4166,7
4167,6
4168,8
4169,8
4170,8
4171,2
4172,1
4173,6
4174,9
4175,3
4176,1
4177,1
4178,7
4179,8
4180,3
4181,1
4182,9
4183,4
4184,6
4185,3
4186,8
4187,9
4188,9
4189,0
4190,0
4191,1
4192,1
4193,6
4194,1
4195,1
4196,7
4197,3
4198,0
4199,8
4200,1
4201,1
4202,8
4203,7
4204,1
4205,8
4206,6
4207,5
4208,0
4209,4
4210,1
4211,9
4212,2
4213,8
4214,8
4215,2
4216,4
4217,3
4218,8
4219,6
4220,6
4221,2
4222,1
4223,3
4224,0
4225,4
4226,0
4227,4
4228,9
4229,9
4230,6
4231,1
4232,5
4233,2
4234,0
4235,3
4236,8
4237,1
4238,8
4239,6
4240,3
4241,8
4242,7
4243,1
4244,2
4245,7
4246,0
4247,2
4248,9
4249,1
4250,6
4251,9
4252,1
4253,9
4254,4
4255,3
4256,5
4257,1
4258,6
4259,1
4260,4
4261,9
4262,1
4263,6
4264,8
4265,2
4266,7
4267,4
4268,6
4269,3
4270,8
4271,2
4272,3
4273,5
4274,1
4275,1
4276,4
4277,9
4278,6
4279,4
4280,1
4281,0
4282,2
4283,5
4284,2
4285,2
4286,0
4287,6
4288,7
4289,1
4290,8
4291,1
4292,5
4293,6
4294,5
4295,6
4296,4
4297,9
4298,8
4299,0
4300,1
4301,9
4302,6
4303,4
4304,5
4305,1
4306,7
4307,6
4308,1
4309,1
4310,0
4311,6
4312,7
4313,3
4314,7
4315,9
4316,2
4317,7
4318,6
4319,6
4320,1
4321,4
4322,8
4323,4
4324,2
4325,8
4326,8
4327,4
4328,0
4329,0
4330,3
4331,6
4332,6
4333,2
4334,3
4335,6
4336,1
4337,4
4338,8
4339,3
4340,7
4341,9
4342,6
4343,6
4344,8
4345,3
4346,6
4347,1
4348,9
4349,9
4350,2
4351,7
4352,4
4353,5
4354,7
4355,3
4356,4
4357,0
4358,2
4359,6
4360,0
4361,9
4362,0
4363,2
4364,9
4365,1
4366,7
4367,9
4368,0
4369,9
4370,3
4371,3
4372,9
4373,2
4374,3
4375,9
4376,7
4377,5
4378,0
4379,8
4380,5
4381,7
4382,5
4383,2
4384,4
4385,7
4386,8
4387,0
4388,5
4389,7
4390,6
4391,6
4392,9
4393,3
4394,7
4395,4
4396,7
4397,7
4398,1
4399,4
4400,7
4401,1
4402,7
4403,4
4404,0
4405,1
4406,8
4407,5
4408,6
4409,4
4410,2
4411,5
4412,9
4413,1
4414,3
4415,8
4416,3
4417,2
4418,7
4419,8
4420,1
4421,6
4422,7
4423,8
4424,1
4425,1
4426,9
4427,5
4428,1
4429,3
4430,0
4431,6
4432,7
4433,6
4434,4
4435,7
4436,0
4437,4
4438,1
4439,2
4440,1
4441,9
4442,1
4443,0
4444,9
4445,4
4446,3
4447,9
4448,4
4449,4
4450,3
4451,0
4452,3
4453,5
4454,3
4455,8
4456,2
4457,5
4458,8
4459,5
4460,4
4461,0
4462,0
4463,7
4464,1
4465,6
4466,5
4467,1
4468,4
4469,3
4470,5
4471,2
4472,7
4473,9
4474,5
4475,9
4476,8
4477,6
4478,9
4479,0
4480,0
4481,0
4482,3
4483,3
4484,4
4485,2
4486,0
4487,6
4488,5
4489,3
4490,7
4491,4
4492,3
4493,6
4494,8
4495,1
4496,0
4497,1
4498,2
4499,3
4500,1
4501,9
4502,0
4503,3
4504,8
4505,0
4506,1
4507,6
4508,6
4509,3
4510,1
4511,8
4512,5
4513,7
4514,5
4515,5
4516,0
4517,5
4518,8
4519,3
4520,3
4521,4
4522,1
4523,0
4524,3
4525,9
4526,2
4527,7
4528,4
4529,7
4530,2
4531,6
4532,1
4533,8
4534,1
4535,1
4536,9
4537,2
4538,4
4539,6
4540,0
4541,1
4542,3
4543,8
4544,1
4545,2
4546,0
4547,8
4548,7
4549,4
4550,0
4551,0
4552,9
4553,1
4554,8
4555,5
4556,2
4557,7
4558,7
4559,9
4560,6
4561,9
4562,7
4563,3
4564,1
4565,3
4566,8
4567,1
4568,3
4569,1
4570,8
4571,7
4572,8
4573,0
4574,5
4575,8
4576,3
4577,1
4578,0
4579,9
4580,3
4581,7
4582,3
4583,8
4584,0
4585,6
4586,8
4587,0
4588,6
4589,6
4590,6
4591,3
4592,8
4593,0
4594,5
4595,0
4596,5
4597,5
4598,0
4599,3
4600,1
4601,6
4602,4
4603,3
4604,8
4605,8
4606,7
4607,6
4608,5
4609,2
4610,3
4611,0
4612,0
4613,9
4614,4
4615,1
4616,2
4617,2
4618,7
4619,7
4620,4
4621,9
4622,9
4623,8
4624,3
4625,4
4626,3
4627,1
4628,4
4629,6
4630,5
4631,1
4632,1
4633,9
4634,8
4635,3
4636,0
4637,8
4638,1
4639,9
4640,4
4641,0
4642,4
4643,1
4644,5
4645,3
4646,4
4647,6
4648,4
4649,2
4650,0
4651,1
4652,9
4653,1
4654,9
4655,8
4656,4
4657,2
4658,4
4659,0
4660,5
4661,7
4662,0
4663,2
4664,5
4665,6
4666,4
4667,3
4668,2
4669,7
4670,9
4671,4
4672,0
4673,8
4674,7
4675,3
4676,6
4677,6
4678,5
4679,1
4680,3
4681,3
4682,8
4683,4
4684,0
4685,3
4686,6
4687,1
4688,1
4689,7
4690,4
4691,2
4692,8
4693,8
4694,5
4695,0
4696,4
4697,7
4698,2
4699,9
4700,4
4701,7
4702,1
4703,4
4704,5
4705,4
4706,7
4707,0
4708,8
4709,6
4710,9
4711,6
4712,1
4713,0
4714,4
4715,7
4716,6
4717,6
4718,1
4719,4
4720,6
4721,0
4722,8
4723,9
4724,6
4725,0
4726,0
4727,1
4728,5
4729,4
4730,4
4731,3
4732,4
4733,6
4734,2
4735,9
4736,3
4737,1
4738,9
4739,8
4740,7
4741,0
4742,9
4743,6
4744,5
4745,0
4746,9
4747,0
4748,5
4749,3
4750,3
4751,8
4752,3
4753,3
4754,3
4755,7
4756,5
4757,3
4758,8
4759,1
4760,3
4761,3
4762,0
4763,8
4764,4
4765,7
4766,0
4767,4
4768,3
4769,9
4770,9
4771,6
4772,1
4773,3
4774,2
4775,8
4776,9
4777,9
4778,3
4779,2
4780,8
4781,5
4782,9
4783,7
4784,7
4785,1
4786,9
4787,8
4788,2
4789,4
4790,9
4791,8
4792,6
4793,9
4794,9
4795,6
4796,4
4797,9
4798,3
4799,2
4800,2
4801,2
4802,2
4803,1
4804,8
4805,2
4806,0
4807,1
4808,8
4809,5
4810,7
4811,6
4812,6
4813,5
4814,8
4815,1
4816,2
4817,7
4818,9
4819,6
4820,0
4821,1
4822,1
4823,2
4824,8
4825,9
4826,9
4827,0
4828,5
4829,3
4830,7
4831,0
4832,9
4833,4
4834,0
4835,1
4836,0
4837,2
4838,2
4839,7
4840,2
4841,4
4842,2
4843,2
4844,7
4845,2
4846,3
4847,9
4848,5
4849,6
4850,1
4851,5
4852,8
4853,2
4854,9
4855,7
4856,8
4857,8
4858,7
4859,1
4860,4
4861,1
4862,2
4863,8
4864,1
4865,5
4866,4
4867,8
4868,5
4869,4
4870,2
4871,2
4872,9
4873,9
4874,3
4875,1
4876,7
4877,0
4878,6
4879,3
4880,5
4881,9
4882,3
4883,7
4884,3
4885,7
4886,7
4887,9
4888,7
4889,3
4890,9
4891,0
4892,8
4893,3
4894,1
4895,5
4896,4
4897,3
4898,9
4899,7
4900,1
4901,6
4902,9
4903,3
4904,2
4905,3
4906,3
4907,2
4908,3
4909,8
4910,6
4911,5
4912,9
4913,5
4914,2
4915,1
4916,5
4917,5
4918,9
4919,3
4920,5
4921,5
4922,9
4923,1
4924,9
4925,8
4926,2
4927,5
4928,4
4929,8
4930,7
4931,0
4932,3
4933,6
4934,0
4935,4
4936,8
4937,5
4938,7
4939,8
4940,8
4941,5
4942,6
4943,2
4944,7
4945,4
4946,3
4947,7
4948,1
4949,7
4950,7
4951,5
4952,1
4953,3
4954,8
4955,1
4956,9
4957,4
4958,2
4959,2
4960,6
4961,1
4962,0
4963,3
4964,5
4965,3
4966,2
4967,0
4968,1
4969,0
4970,1
4971,6
4972,3
4973,9
4974,1
4975,1
4976,3
4977,5
4978,4
4979,4
4980,1
4981,0
4982,2
4983,7
4984,7
4985,8
4986,2
4987,6
4988,5
4989,2
4990,4
4991,3
4992,1
4993,6
4994,9
4995,3
4996,9
4997,0
4998,7
4999,5
5000,5
5001,9
5002,4
5003,9
5004,5
5005,0
5006,5
5007,5
5008,0
5009,8
5010,1
5011,1
5012,8
5013,1
5014,8
5015,1
5016,0
5017,1
5018,7
5019,9
5020,0
5021,8
5022,6
5023,3
5024,3
5025,9
5026,2
5027,4
5028,0
5029,3
5030,6
5031,7
5032,5
5033,1
5034,6
5035,0
5036,1
5037,4
5038,8
5039,7
5040,6
5041,1
5042,9
5043,5
5044,1
5045,9
5046,9
5047,8
5048,3
5049,5
5050,5
5051,2
5052,1
5053,8
5054,1
5055,9
5056,8
5057,0
5058,5
5059,0
5060,1
5061,7
5062,3
5063,2
5064,6
5065,9
5066,8
5067,8
5068,5
5069,7
5070,9
5071,4
5072,5
5073,6
5074,0
5075,7
5076,7
5077,3
5078,5
5079,9
5080,0
5081,3
5082,4
5083,0
5084,3
5085,6
5086,8
5087,0
5088,7
5089,6
5090,3
5091,2
5092,5
5093,9
5094,1
5095,3
5096,6
5097,7
5098,6
5099,6
5100,2
5101,3
5102,0
5103,3
5104,4
5105,6
5106,3
5107,9
5108,5
5109,7
5110,3
5111,8
5112,4
5113,4
5114,8
5115,1
5116,4
5117,7
5118,3
5119,1
5120,2
5121,3
5122,7
5123,7
5124,7
5125,7
5126,5
5127,0
5128,4
5129,6
5130,7
5131,1
5132,6
5133,3
5134,8
5135,7
5136,3
5137,6
5138,2
5139,2
5140,0
5141,8
5142,7
5143,3
5144,1
5145,1
5146,9
5147,7
5148,4
5149,9
5150,2
5151,7
5152,7
5153,1
5154,2
5155,4
5156,4
5157,3
5158,0
5159,4
5160,3
5161,7
5162,6
5163,9
5164,9
5165,7
5166,5
5167,5
5168,5
5169,4
5170,4
5171,3
5172,7
5173,9
5174,2
5175,5
5176,0
5177,3
5178,5
5179,2
5180,6
5181,5
5182,7
5183,2
5184,2
5185,9
5186,1
5187,5
5188,2
5189,6
5190,4
5191,9
5192,7
5193,9
5194,9
5195,9
5196,1
5197,3
5198,9
5199,5
5200,0
5201,3
5202,3
5203,0
5204,9
5205,5
5206,9
5207,1
5208,2
5209,0
5210,0
5211,2
5212,4
5213,0
5214,0
5215,0
5216,7
5217,1
5218,2
5219,4
5220,0
5221,0
5222,4
5223,2
5224,1
5225,7
5226,5
5227,6
5228,8
5229,6
5230,6
5231,9
5232,3
5233,2
5234,6
5235,4
5236,0
5237,8
5238,4
5239,1
5240,8
5241,1
5242,7
5243,3
5244,4
5245,4
5246,3
5247,5
5248,3
5249,4
5250,2
5251,0
5252,9
5253,6
5254,1
5255,9
5256,6
5257,3
5258,1
5259,9
5260,3
5261,6
5262,9
5263,4
5264,3
5265,1
5266,8
5267,3
5268,5
5269,8
5270,1
5271,7
5272,5
5273,1
5274,3
5275,1
5276,1
5277,4
5278,4
5279,2
5280,1
5281,2
5282,6
5283,0
5284,7
5285,3
5286,4
5287,2
5288,1
5289,0
5290,4
5291,6
5292,4
5293,0
5294,9
5295,5
5296,1
5297,2
5298,5
5299,7
5300,6
5301,3
5302,5
5303,3
5304,9
5305,4
5306,2
5307,9
5308,2
5309,0
5310,5
5311,0
5312,3
5313,9
5314,4
5315,8
5316,9
5317,2
5318,8
5319,8
5320,4
5321,2
5322,7
5323,1
5324,8
5325,3
5326,4
5327,6
5328,8
5329,1
5330,1
5331,8
5332,4
5333,5
5334,9
5335,8
5336,5
5337,2
5338,5
5339,1
5340,1
5341,2
5342,1
5343,9
5344,1
5345,6
5346,5
5347,6
5348,7
5349,5
5350,5
5351,1
5352,6
5353,4
5354,3
5355,4
5356,9
5357,3
5358,2
5359,4
5360,5
5361,9
5362,9
5363,6
5364,0
5365,7
5366,3
5367,3
5368,6
5369,1
5370,7
5371,1
5372,3
5373,0
5374,5
5375,4
5376,8
5377,8
5378,4
5379,4
5380,5
5381,4
5382,1
5383,6
5384,2
5385,8
5386,3
5387,8
5388,0
5389,4
5390,3
5391,0
5392,2
5393,2
5394,4
5395,8
5396,7
5397,0
5398,9
5399,5
5400,4
5401,9
5402,4
5403,6
5404,2
5405,4
5406,8
5407,3
5408,1
5409,6
5410,9
5411,8
5412,9
5413,5
5414,0
5415,2
5416,8
5417,1
5418,2
5419,9
5420,6
5421,0
5422,9
5423,4
5424,1
5425,0
5426,7
5427,5
5428,3
5429,7
5430,0
5431,0
5432,0
5433,3
5434,1
5435,2
5436,6
5437,7
5438,0
5439,6
5440,4
5441,9
5442,2
5443,9
5444,6
5445,8
5446,3
5447,6
5448,7
5449,2
5450,1
5451,2
5452,2
5453,9
5454,8
5455,1
5456,1
5457,3
5458,2
5459,0
5460,0
5461,4
5462,8
5463,6
5464,9
5465,1
5466,1
5467,3
5468,5
5469,4
5470,2
5471,5
5472,5
5473,9
5474,7
5475,2
5476,4
5477,4
5478,0
5479,7
5480,0
5481,7
5482,0
5483,5
5484,6
5485,8
5486,3
5487,9
5488,5
5489,0
5490,1
5491,0
5492,2
5493,1
5494,0
5495,2
5496,4
5497,2
5498,2
5499,3
5500,8
5501,1
5502,2
5503,1
5504,1
5505,2
5506,8
5507,9
5508,6
5509,7
5510,1
5511,0
5512,7
5513,1
5514,5
5515,2
5516,6
5517,1
5518,0
5519,1
5520,7
5521,1
5522,7
5523,9
5524,5
5525,0
5526,4
5527,0
5528,3
5529,1
5530,4
5531,1
5532,6
5533,5
5534,7
5535,3
5536,9
5537,9
5538,4
5539,1
5540,0
5541,3
5542,4
5543,4
5544,9
5545,6
5546,3
5547,1
5548,4
5549,5
5550,9
5551,4
5552,0
5553,7
5554,7
5555,0
5556,5
5557,0
5558,6
5559,3
5560,5
5561,3
5562,0
5563,1
5564,9
5565,0
5566,2
5567,7
5568,1
5569,0
5570,6
5571,9
5572,8
5573,7
5574,2
5575,0
5576,7
5577,4
5578,2
5579,9
5580,4
5581,9
5582,2
5583,2
5584,8
5585,1
5586,1
5587,9
5588,3
5589,2
5590,9
5591,9
5592,9
5593,0
5594,2
5595,6
5596,5
5597,3
5598,1
5599,2
5600,9
5601,0
5602,2
5603,9
5604,5
5605,4
5606,8
5607,3
5608,2
5609,5
5610,9
5611,0
5612,0
5613,1
5614,7
5615,3
5616,5
5617,3
5618,8
5619,5
5620,0
5621,6
5622,1
5623,4
5624,4
5625,5
5626,8
5627,0
5628,1
5629,4
5630,2
5631,8
5632,2
5633,7
5634,1
5635,2
5636,2
5637,5
5638,0
5639,4
5640,2
5641,9
5642,2
5643,1
5644,7
5645,2
5646,4
5647,2
5648,3
5649,5
5650,0
5651,8
5652,1
5653,3
5654,3
5655,3
5656,0
5657,3
5658,6
5659,4
5660,8
5661,4
5662,5
5663,0
5664,4
5665,2
5666,6
5667,3
5668,4
5669,8
5670,2
5671,2
5672,7
5673,9
5674,8
5675,2
5676,9
5677,7
5678,4
5679,6
5680,3
5681,3
5682,0
5683,3
5684,7
5685,7
5686,3
5687,3
5688,3
5689,6
5690,3
5691,7
5692,9
5693,6
5694,6
5695,1
5696,3
5697,3
5698,7
5699,4
5700,0
5701,3
5702,4
5703,6
5704,7
5705,7
5706,5
5707,2
5708,1
5709,5
5710,4
5711,0
5712,0
5713,8
5714,2
5715,4
5716,8
5717,3
5718,9
5719,0
5720,1
5721,4
5722,9
5723,7
5724,9
5725,5
5726,1
5727,1
5728,6
5729,4
5730,6
5731,6
5732,0
5733,7
5734,9
5735,5
5736,7
5737,9
5738,2
5739,9
5740,4
5741,2
5742,0
5743,9
5744,0
5745,2
5746,1
5747,0
5748,9
5749,7
5750,2
5751,8
5752,3
5753,2
5754,8
5755,0
5756,4
5757,3
5758,4
5759,6
5760,5
5761,8
5762,4
5763,0
5764,6
5765,9
5766,1
5767,9
5768,0
5769,5
5770,0
5771,0
5772,1
5773,7
5774,2
5775,2
5776,1
5777,6
5778,3
5779,9
5780,0
5781,7
5782,6
5783,0
5784,9
5785,1
5786,9
5787,1
5788,7
5789,3
5790,9
5791,5
5792,8
5793,9
5794,4
5795,3
5796,6
5797,9
5798,3
5799,1
5800,1
5801,9
5802,8
5803,5
5804,6
5805,6
5806,2
5807,9
5808,1
5809,6
5810,1
5811,1
5812,8
5813,6
5814,9
5815,8
5816,6
5817,6
5818,2
5819,4
5820,9
5821,5
5822,3
5823,5
5824,9
5825,7
5826,1
5827,3
5828,4
5829,9
5830,9
5831,6
5832,1
5833,2
5834,7
5835,7
5836,9
5837,0
5838,6
5839,5
5840,3
5841,7
5842,4
5843,9
5844,2
5845,7
5846,8
5847,4
5848,4
5849,2
5850,7
5851,8
5852,0
5853,1
5854,3
5855,1
5856,5
5857,1
5858,2
5859,5
5860,0
5861,6
5862,4
5863,5
5864,0
5865,7
5866,9
5867,0
5868,2
5869,9
5870,6
5871,1
5872,9
5873,9
5874,6
5875,1
5876,3
5877,9
5878,2
5879,7
5880,9
5881,0
5882,9
5883,6
5884,2
5885,4
5886,2
5887,8
5888,8
5889,9
5890,0
5891,0
5892,0
5893,2
5894,6
5895,7
5896,1
5897,1
5898,3
5899,0
5900,1
5901,1
5902,3
5903,9
5904,1
5905,0
5906,8
5907,8
5908,1
5909,5
5910,7
5911,6
5912,3
5913,5
5914,2
5915,8
5916,9
5917,1
5918,0
5919,0
5920,4
5921,1
5922,5
5923,9
5924,2
5925,1
5926,7
5927,3
5928,2
5929,9
5930,4
5931,1
5932,7
5933,5
5934,2
5935,2
5936,7
5937,4
5938,7
5939,3
5940,5
5941,3
5942,1
5943,7
5944,0
5945,1
5946,4
5947,6
5948,3
5949,8
5950,1
5951,3
5952,4
5953,2
5954,7
5955,9
5956,4
5957,3
5958,7
5959,1
5960,5
5961,2
5962,6
5963,1
5964,2
5965,8
5966,6
5967,4
5968,8
5969,1
5970,2
5971,3
5972,2
5973,1
5974,1
5975,7
5976,7
5977,5
5978,5
5979,3
5980,5
5981,3
5982,0
5983,4
5984,2
5985,2
5986,7
5987,3
5988,0
5989,2
5990,9
5991,5
5992,8
5993,2
5994,2
5995,4
5996,1
5997,4
5998,4
5999,6
6000,0
6001,2
6002,7
6003,4
6004,3
6005,6
6006,4
6007,2
6008,1
6009,9
6010,3
6011,1
6012,4
6013,2
6014,4
6015,9
6016,1
6017,6
6018,0
6019,0
6020,9
6021,2
6022,1
6023,5
6024,0
6025,2
6026,6
6027,3
6028,0
6029,3
6030,4
6031,6
6032,9
6033,2
6034,9
6035,7
6036,1
6037,6
6038,2
6039,1
6040,3
6041,8
6042,8
6043,9
6044,5
6045,0
6046,4
6047,9
6048,4
6049,1
6050,8
6051,5
6052,8
6053,8
6054,4
6055,2
6056,0
6057,4
6058,7
6059,4
6060,4
6061,1
6062,8
6063,0
6064,4
6065,8
6066,3
6067,8
6068,6
6069,7
6070,9
6071,7
6072,6
6073,8
6074,3
6075,2
6076,6
6077,7
6078,1
6079,8
6080,1
6081,5
6082,7
6083,0
6084,2
6085,0
6086,7
6087,1
6088,2
6089,4
6090,1
6091,1
6092,7
6093,1
6094,0
6095,3
6096,0
6097,6
6098,2
6099,8
6100,5
6101,5
6102,5
6103,2
6104,5
6105,1
6106,8
6107,9
6108,6
6109,5
6110,3
6111,5
6112,9
6113,6
6114,9
6115,8
6116,3
6117,0
6118,5
6119,5
6120,9
6121,6
6122,7
6123,1
6124,7
6125,5
6126,4
6127,5
6128,8
6129,8
6130,9
6131,9
6132,4
6133,5
6134,5
6135,5
6136,6
6137,8
6138,4
6139,7
6140,6
6141,0
6142,3
6143,1
6144,3
6145,5
6146,2
6147,0
6148,2
6149,3
6150,3
6151,1
6152,8
6153,6
6154,4
6155,6
6156,8
6157,7
6158,5
6159,8
6160,7
6161,1
6162,2
6163,9
6164,9
6165,7
6166,4
6167,8
6168,7
6169,0
6170,7
6171,6
6172,1
6173,6
6174,1
6175,8
6176,8
6177,0
6178,5
6179,4
6180,5
6181,7
6182,7
6183,6
6184,5
6185,9
6186,2
6187,0
6188,4
6189,9
6190,2
6191,0
6192,9
6193,3
6194,0
6195,1
6196,7
6197,2
6198,9
6199,8
6200,0
6201,3
6202,9
6203,1
6204,9
6205,5
6206,3
6207,0
6208,2
6209,5
6210,7
6211,9
6212,5
6213,6
6214,3
6215,3
6216,6
6217,1
6218,3
6219,7
6220,4
6221,2
6222,6
6223,1
6224,2
6225,8
6226,1
6227,6
6228,6
6229,2
6230,1
6231,7
6232,9
6233,9
6234,2
6235,7
6236,9
6237,1
6238,4
6239,6
6240,5
6241,8
6242,0
6243,1
6244,0
6245,3
6246,7
6247,4
6248,4
6249,1
6250,1
6251,2
6252,0
6253,8
6254,6
6255,8
6256,3
6257,3
6258,9
6259,0
6260,3
6261,1
6262,5
6263,7
6264,2
6265,2
6266,1
6267,3
6268,2
6269,5
6270,0
6271,3
6272,0
6273,1
6274,9
6275,9
6276,4
6277,4
6278,7
6279,4
6280,3
6281,5
6282,6
6283,2
6284,0
6285,1
6286,2
6287,7
6288,6
6289,6
6290,5
6291,2
6292,2
6293,5
6294,1
6295,7
6296,2
6297,0
6298,2
6299,5
6300,2
6301,8
6302,1
6303,5
6304,5
6305,8
6306,2
6307,0
6308,9
6309,3
6310,4
6311,3
6312,7
6313,8
6314,8
6315,0
6316,0
6317,6
6318,0
6319,7
6320,5
6321,0
6322,2
6323,2
6324,7
6325,8
6326,2
6327,1
6328,6
6329,5
6330,2
6331,0
6332,5
6333,0
6334,7
6335,0
6336,1
6337,2
6338,5
6339,2
6340,7
6341,9
6342,3
6343,8
6344,3
6345,4
6346,1
6347,4
6348,2
6349,7
6350,5
6351,7
6352,2
6353,0
6354,4
6355,3
6356,3
6357,3
6358,8
6359,8
6360,8
6361,1
6362,7
6363,2
6364,2
6365,1
6366,4
6367,2
6368,2
6369,2
6370,8
6371,2
6372,0
6373,6
6374,5
6375,6
6376,2
6377,2
6378,6
6379,2
6380,5
6381,5
6382,5
6383,1
6384,4
6385,7
6386,2
6387,6
6388,6
6389,5
6390,1
6391,8
6392,7
6393,4
6394,9
6395,2
6396,4
6397,6
6398,4
6399,3
6400,2
6401,4
6402,9
6403,6
6404,6
6405,5
6406,6
6407,0
6408,9
6409,4
6410,2
6411,4
6412,8
6413,4
6414,9
6415,3
6416,9
6417,7
6418,6
6419,6
6420,0
6421,8
6422,0
6423,1
6424,4
6425,7
6426,9
6427,0
6428,7
6429,6
6430,2
6431,1
6432,8
6433,7
6434,9
6435,0
6436,8
6437,1
6438,7
6439,9
6440,4
6441,1
6442,6
6443,7
6444,2
6445,0
6446,6
6447,2
6448,2
6449,7
6450,7
6451,4
6452,9
6453,2
6454,6
6455,6
6456,4
6457,3
6458,7
6459,5
6460,0
6461,7
6462,6
6463,9
6464,9
6465,6
6466,5
6467,9
6468,8
6469,6
6470,4
6471,9
6472,1
6473,9
6474,6
6475,4
6476,4
6477,2
6478,4
6479,1
6480,8
6481,6
6482,7
6483,8
6484,0
6485,3
6486,9
6487,3
6488,4
6489,0
6490,1
6491,3
6492,4
6493,3
6494,5
6495,3
6496,0
6497,6
6498,9
6499,3
6500,2
6501,3
6502,0
6503,0
6504,0
6505,8
6506,9
6507,8
6508,9
6509,5
6510,0
6511,6
6512,1
6513,3
6514,3
6515,3
6516,6
6517,4
6518,1
6519,4
6520,1
6521,0
6522,9
6523,6
6524,2
6525,7
6526,3
6527,4
6528,0
6529,2
6530,0
6531,2
6532,0
6533,0
6534,3
6535,9
6536,3
6537,5
6538,2
6539,6
6540,4
6541,9
6542,2
6543,9
6544,1
6545,3
6546,6
6547,5
6548,0
6549,4
6550,1
6551,5
6552,3
6553,1
6554,7
6555,9
6556,4
6557,6
6558,1
6559,2
6560,6
6561,5
6562,2
6563,0
6564,0
6565,5
6566,6
6567,2
6568,2
6569,8
6570,8
6571,1
6572,1
6573,6
6574,7
6575,5
6576,8
6577,4
6578,2
6579,4
6580,6
6581,8
6582,1
6583,7
6584,2
6585,2
6586,4
6587,3
6588,2
6589,2
6590,2
6591,4
6592,7
6593,7
6594,7
6595,8
6596,7
6597,5
6598,3
6599,3
6600,1
6601,9
6602,3
6603,6
6604,0
6605,8
6606,5
6607,7
6608,1
6609,4
6610,9
6611,7
6612,4
6613,1
6614,5
6615,4
6616,2
6617,4
6618,6
6619,8
6620,7
6621,6
6622,2
6623,1
6624,6
6625,5
6626,7
6627,8
6628,9
6629,1
6630,9
6631,1
6632,5
6633,7
6634,3
6635,9
6636,8
6637,5
6638,1
6639,4
6640,8
6641,1
6642,6
6643,4
6644,0
6645,7
6646,1
6647,6
6648,9
6649,8
6650,7
6651,1
6652,8
6653,1
6654,3
6655,2
6656,5
6657,9
6658,7
6659,0
6660,1
6661,9
6662,4
6663,2
6664,7
6665,1
6666,6
6667,8
6668,8
6669,5
6670,1
6671,2
6672,8
6673,3
6674,7
6675,4
6676,4
6677,0
6678,6
6679,4
6680,5
6681,4
6682,8
6683,6
6684,4
6685,7
6686,8
6687,0
6688,0
6689,0
6690,7
6691,3
6692,0
6693,9
6694,8
6695,3
6696,7
6697,4
6698,8
6699,9
6700,6
6701,0
6702,9
6703,2
6704,1
6705,2
6706,6
6707,4
6708,2
6709,0
6710,7
6711,0
6712,6
6713,0
6714,6
6715,3
6716,6
6717,4
6718,1
6719,2
6720,1
6721,5
6722,2
6723,5
6724,2
6725,5
6726,8
6727,8
6728,1
6729,0
6730,7
6731,3
6732,9
6733,6
6734,5
6735,9
6736,6
6737,5
6738,2
6739,1
6740,8
6741,3
6742,7
6743,1
6744,7
6745,8
6746,0
6747,3
6748,6
6749,9
6750,1
6751,1
6752,2
6753,9
6754,4
6755,5
6756,9
6757,0
6758,9
6759,2
6760,5
6761,4
6762,9
6763,8
6764,7
6765,6
6766,9
6767,9
6768,3
6769,6
6770,2
6771,9
6772,3
6773,9
6774,4
6775,3
6776,7
6777,9
6778,9
6779,5
6780,9
6781,0
6782,7
6783,1
6784,5
6785,5
6786,6
6787,2
6788,4
6789,9
6790,7
6791,6
6792,6
6793,2
6794,3
6795,5
6796,1
6797,2
6798,0
6799,6
6800,1
6801,9
6802,0
6803,5
6804,0
6805,0
6806,3
6807,5
6808,4
6809,9
6810,1
6811,6
6812,6
6813,1
6814,4
6815,1
6816,3
6817,1
6818,3
6819,9
6820,1
6821,2
6822,2
6823,2
6824,0
6825,9
6826,1
6827,1
6828,3
6829,4
6830,8
6831,6
6832,6
6833,3
6834,9
6835,5
6836,2
6837,5
6838,6
6839,3
6840,0
6841,1
6842,3
6843,9
6844,0
6845,2
6846,1
6847,0
6848,0
6849,4
6850,7
6851,6
6852,7
6853,4
6854,8
6855,9
6856,9
6857,8
6858,1
6859,7
6860,4
6861,9
6862,1
6863,2
6864,8
6865,3
6866,1
6867,0
6868,9
6869,5
6870,8
6871,7
6872,8
6873,4
6874,7
6875,7
6876,4
6877,2
6878,7
6879,4
6880,9
6881,2
6882,3
6883,4
6884,8
6885,3
6886,3
6887,9
6888,5
6889,4
6890,8
6891,1
6892,5
6893,5
6894,9
6895,4
6896,3
6897,0
6898,4
6899,5
6900,6
6901,8
6902,5
6903,6
6904,0
6905,5
6906,5
6907,3
6908,5
6909,6
6910,6
6911,8
6912,4
6913,3
6914,5
6915,4
6916,4
6917,7
6918,6
6919,9
6920,3
6921,7
6922,9
6923,3
6924,3
6925,3
6926,1
6927,3
6928,4
6929,2
6930,5
6931,2
6932,2
6933,1
6934,0
6935,9
6936,4
6937,4
6938,2
6939,6
6940,1
6941,8
6942,9
6943,7
6944,8
6945,1
6946,8
6947,4
6948,7
6949,1
6950,8
6951,7
6952,9
6953,7
6954,2
6955,4
6956,4
6957,0
6958,4
6959,3
6960,5
6961,0
6962,7
6963,7
6964,8
6965,7
6966,2
6967,6
6968,4
6969,8
6970,3
6971,2
6972,4
6973,9
6974,8
6975,2
6976,1
6977,6
6978,0
6979,7
6980,7
6981,3
6982,9
6983,9
6984,8
6985,7
6986,8
6987,0
6988,3
6989,5
6990,1
6991,1
6992,8
6993,6
6994,4
6995,3
6996,3
6997,1
6998,4
6999,0
7000,8
7001,7
7002,9
7003,6
7004,3
7005,5
7006,8
7007,0
7008,2
7009,4
7010,7
7011,7
7012,0
7013,2
7014,4
7015,3
7016,9
7017,9
7018,9
7019,6
7020,1
7021,4
7022,3
7023,3
7024,0
7025,3
7026,1
7027,5
7028,4
7029,5
7030,0
7031,6
7032,7
7033,4
7034,8
7035,7
7036,1
7037,1
7038,5
7039,0
7040,7
7041,9
7042,9
7043,6
7044,1
7045,8
7046,1
7047,8
7048,3
7049,0
7050,5
7051,8
7052,8
7053,6
7054,3
7055,9
7056,6
7057,5
7058,6
7059,5
7060,6
7061,8
7062,7
7063,4
7064,4
7065,4
7066,5
7067,0
7068,9
7069,3
7070,8
7071,8
7072,3
7073,0
7074,3
7075,9
7076,9
7077,1
7078,1
7079,4
7080,5
7081,6
7082,0
7083,7
7084,0
7085,2
7086,0
7087,6
7088,9
7089,0
7090,5
7091,5
7092,8
7093,0
7094,7
7095,7
7096,4
7097,7
7098,3
7099,0
7100,2
7101,8
7102,8
7103,1
7104,7
7105,8
7106,3
7107,6
7108,4
7109,7
7110,6
7111,2
7112,3
7113,1
7114,3
7115,4
7116,8
7117,9
7118,2
7119,2
7120,9
7121,6
7122,9
7123,1
7124,2
7125,1
7126,3
7127,6
7128,0
7129,3
7130,9
7131,1
7132,0
7133,2
7134,8
7135,1
7136,6
7137,1
7138,1
7139,0
7140,7
7141,0
7142,6
7143,9
7144,3
7145,2
7146,3
7147,3
7148,4
7149,4
7150,1
7151,4
7152,7
7153,5
7154,6
7155,5
7156,7
7157,4
7158,5
7159,9
7160,4
7161,7
7162,5
7163,3
7164,3
7165,5
7166,2
7167,2
7168,5
7169,4
7170,4
7171,9
7172,8
7173,4
7174,6
7175,6
7176,8
7177,4
7178,0
7179,6
7180,0
7181,1
7182,8
7183,8
7184,5
7185,2
7186,8
7187,6
7188,6
7189,2
7190,3
7191,1
7192,2
7193,7
7194,5
7195,5
7196,5
7197,6
7198,5
7199,4
7200,8
7201,3
7202,7
7203,6
7204,6
7205,9
7206,6
7207,7
7208,8
7209,8
7210,1
7211,1
7212,5
7213,7
7214,0
7215,1
7216,9
7217,5
7218,8
7219,3
7220,5
7221,1
7222,7
7223,0
7224,6
7225,2
7226,1
7227,0
7228,9
7229,3
7230,5
7231,0
7232,3
7233,1
7234,8
7235,1
7236,7
7237,3
7238,9
7239,2
7240,7
7241,6
7242,4
7243,1
7244,7
7245,4
7246,5
7247,1
7248,9
7249,5
7250,0
7251,5
7252,3
7253,9
7254,9
7255,4
7256,9
7257,4
7258,8
7259,2
7260,6
7261,8
7262,9
7263,0
7264,6
7265,8
7266,8
7267,6
7268,4
7269,5
7270,5
7271,4
7272,0
7273,8
7274,1
7275,9
7276,4
7277,4
7278,1
7279,4
7280,9
7281,7
7282,9
7283,3
7284,7
7285,1
7286,8
7287,2
7288,0
7289,8
7290,6
7291,5
7292,3
7293,8
7294,7
7295,7
7296,4
7297,9
7298,4
7299,6
7300,0
7301,6
7302,9
7303,8
7304,7
7305,4
7306,6
7307,4
7308,1
7309,4
7310,3
7311,0
7312,8
7313,7
7314,5
7315,9
7316,9
7317,1
7318,2
7319,0
7320,4
7321,7
7322,3
7323,8
7324,6
7325,9
7326,3
7327,9
7328,5
7329,5
7330,8
7331,3
7332,3
7333,0
7334,7
7335,3
7336,9
7337,9
7338,1
7339,6
7340,8
7341,9
7342,5
7343,0
7344,9
7345,0
7346,2
7347,2
7348,9
7349,1
7350,1
7351,6
7352,5
7353,1
7354,6
7355,6
7356,5
7357,0
7358,1
7359,2
7360,0
7361,4
7362,6
7363,2
7364,7
7365,9
7366,7
7367,1
7368,6
7369,3
7370,2
7371,0
7372,4
7373,7
7374,1
7375,7
7376,8
7377,7
7378,9
7379,9
7380,9
7381,8
7382,8
7383,0
7384,8
7385,8
7386,3
7387,0
7388,0
7389,2
7390,7
7391,4
7392,9
7393,1
7394,4
7395,7
7396,9
7397,4
7398,5
7399,6
7400,1
7401,3
7402,3
7403,8
7404,7
7405,7
7406,4
7407,4
7408,3
7409,1
7410,4
7411,2
7412,6
7413,0
7414,4
7415,9
7416,5
7417,7
7418,8
7419,5
7420,6
7421,0
7422,6
7423,5
7424,0
7425,2
7426,5
7427,0
7428,9
7429,6
7430,2
7431,0
7432,4
7433,7
7434,7
7435,5
7436,5
7437,9
7438,6
7439,5
7440,4
7441,3
7442,8
7443,7
7444,4
7445,1
7446,7
7447,1
7448,3
7449,6
7450,0
7451,7
7452,0
7453,1
7454,6
7455,9
7456,0
7457,8
7458,3
7459,9
7460,3
7461,4
7462,0
7463,9
7464,0
7465,3
7466,5
7467,1
7468,7
7469,3
7470,6
7471,9
7472,7
7473,0
7474,1
7475,8
7476,8
7477,2
7478,3
7479,0
7480,6
7481,3
7482,1
7483,2
7484,9
7485,8
7486,2
7487,5
7488,4
7489,8
7490,3
7491,8
7492,7
7493,6
7494,5
7495,3
7496,4
7497,7
7498,2
7499,2
7500,0
7501,7
7502,5
7503,0
7504,4
7505,4
7506,5
7507,5
7508,9
7509,9
7510,8
7511,1
7512,8
7513,9
7514,0
7515,0
7516,0
7517,1
7518,8
7519,8
7520,5
7521,3
7522,8
7523,7
7524,9
7525,0
7526,7
7527,7
7528,4
7529,4
7530,9
7531,6
7532,2
7533,2
7534,6
7535,4
7536,2
7537,2
7538,7
7539,6
7540,8
7541,8
7542,4
7543,7
7544,1
7545,7
7546,8
7547,8
7548,6
7549,0
7550,6
7551,2
7552,1
7553,6
7554,5
7555,9
7556,0
7557,8
7558,0
7559,6
7560,3
7561,3
7562,4
7563,6
7564,2
7565,0
7566,8
7567,4
7568,8
7569,6
7570,3
7571,4
7572,6
7573,1
7574,2
7575,1
7576,6
7577,0
7578,6
7579,3
7580,8
7581,1
7582,5
7583,8
7584,8
7585,8
7586,6
7587,1
7588,8
7589,6
7590,6
7591,2
7592,1
7593,3
7594,7
7595,5
7596,3
7597,3
7598,9
7599,6
7600,5
7601,8
7602,5
7603,3
7604,3
7605,7
7606,4
7607,0
7608,4
7609,5
7610,9
7611,8
7612,9
7613,2
7614,2
7615,0
7616,4
7617,5
7618,8
7619,7
7620,9
7621,0
7622,7
7623,3
7624,8
7625,4
7626,0
7627,7
7628,1
7629,3
7630,5
7631,2
7632,3
7633,9
7634,7
7635,9
7636,9
7637,2
7638,8
7639,8
7640,9
7641,0
7642,5
7643,8
7644,2
7645,4
7646,6
7647,5
7648,5
7649,8
7650,9
7651,3
7652,7
7653,4
7654,0
7655,3
7656,9
7657,9
7658,0
7659,6
7660,2
7661,3
7662,1
7663,1
7664,0
7665,7
7666,3
7667,1
7668,7
7669,2
7670,8
7671,9
7672,5
7673,6
7674,3
7675,7
7676,5
7677,6
7678,0
7679,5
7680,6
7681,9
7682,3
7683,0
7684,9
7685,5
7686,6
7687,4
7688,6
7689,6
7690,0
7691,3
7692,6
7693,0
7694,6
7695,5
7696,7
7697,2
7698,9
7699,6
7700,2
7701,1
7702,2
7703,6
7704,7
7705,2
7706,1
7707,5
7708,5
7709,9
7710,7
7711,2
7712,7
7713,7
7714,9
7715,3
7716,0
7717,3
7718,5
7719,3
7720,8
7721,2
7722,9
7723,8
7724,1
7725,9
7726,1
7727,6
7728,9
7729,5
7730,2
7731,0
7732,9
7733,0
7734,3
7735,5
7736,7
7737,2
7738,3
7739,3
7740,2
7741,8
7742,3
7743,7
7744,3
7745,2
7746,4
7747,6
7748,0
7749,1
7750,9
7751,3
7752,9
7753,3
7754,1
7755,0
7756,4
7757,7
7758,1
7759,4
7760,9
7761,3
7762,5
7763,2
7764,1
7765,3
7766,0
7767,2
7768,3
7769,9
7770,3
7771,2
7772,3
7773,6
7774,7
7775,1
7776,8
7777,1
7778,6
7779,0
7780,3
7781,5
7782,1
7783,9
7784,9
7785,8
7786,8
7787,6
7788,6
7789,0
7790,2
7791,7
7792,7
7793,7
7794,6
7795,0
7796,0
7797,9
7798,4
7799,9
7800,7
7801,9
7802,4
7803,1
7804,5
7805,6
7806,4
7807,4
7808,0
7809,8
7810,8
7811,5
7812,8
7813,4
7814,9
7815,6
7816,6
7817,3
7818,2
7819,0
7820,8
7821,5
7822,5
7823,2
7824,8
7825,6
7826,7
7827,7
7828,3
7829,6
7830,5
7831,2
7832,0
7833,0
7834,5
7835,5
7836,6
7837,7
7838,1
7839,3
7840,7
7841,8
7842,4
7843,7
7844,6
7845,8
7846,3
7847,3
7848,3
7849,8
7850,1
7851,5
7852,7
7853,7
7854,8
7855,1
7856,1
7857,0
7858,5
7859,5
7860,0
7861,3
7862,1
7863,3
7864,9
7865,8
7866,8
7867,1
7868,2
7869,9
7870,8
7871,6
7872,7
7873,6
7874,5
7875,6
7876,3
7877,8
7878,7
7879,1
7880,7
7881,3
7882,0
7883,9
7884,1
7885,1
7886,2
7887,0
7888,8
7889,9
7890,7
7891,7
7892,5
7893,4
7894,7
7895,4
7896,3
7897,0
7898,3
7899,9
7900,0
7901,0
7902,7
7903,4
7904,3
7905,9
7906,4
7907,6
7908,9
7909,3
7910,9
7911,9
7912,5
7913,9
7914,8
7915,6
7916,2
7917,1
7918,0
7919,9
7920,6
7921,2
7922,5
7923,1
7924,9
7925,2
7926,9
7927,6
7928,2
7929,5
7930,1
7931,3
7932,3
7933,7
7934,2
7935,1
7936,5
7937,0
7938,8
7939,0
7940,7
7941,4
7942,4
7943,8
7944,6
7945,9
7946,5
7947,1
7948,4
7949,9
7950,2
7951,1
7952,7
7953,7
7954,6
7955,0
7956,5
7957,9
7958,1
7959,3
7960,7
7961,1
7962,2
7963,7
7964,9
7965,6
7966,3
7967,1
7968,5
7969,1
7970,6
7971,6
7972,6
7973,3
7974,8
7975,1
7976,1
7977,8
7978,5
7979,5
7980,3
7981,6
7982,7
7983,0
7984,4
7985,1
7986,9
7987,7
7988,4
7989,3
7990,7
7991,3
7992,1
7993,1
7994,6
7995,5
7996,4
7997,0
7998,6
7999,2
8000,0
8001,6
8002,6
8003,4
8004,4
8005,4
8006,0
8007,9
8008,9
8009,5
8010,5
8011,1
8012,4
8013,8
8014,9
8015,2
8016,8
8017,9
8018,7
8019,9
8020,3
8021,9
8022,0
8023,1
8024,1
8025,9
8026,6
8027,1
8028,2
8029,4
8030,0
8031,0
8032,0
8033,6
8034,3
8035,0
8036,5
8037,6
8038,2
8039,5
8040,9
8041,9
8042,2
8043,1
8044,7
8045,0
8046,4
8047,0
8048,6
8049,6
8050,2
8051,8
8052,6
8053,4
8054,1
8055,5
8056,8
8057,4
8058,5
8059,2
8060,6
8061,8
8062,9
8063,4
8064,3
8065,6
8066,2
8067,5
8068,7
8069,2
8070,9
8071,8
8072,2
8073,9
8074,3
8075,2
8076,6
8077,5
8078,6
8079,3
8080,3
8081,8
8082,4
8083,8
8084,0
8085,7
8086,1
8087,8
8088,5
8089,6
8090,6
8091,9
8092,6
8093,7
8094,7
8095,3
8096,3
8097,4
8098,5
8099,4
8100,4
8101,9
8102,8
8103,9
8104,3
8105,3
8106,2
8107,2
8108,4
8109,4
8110,3
8111,3
8112,0
8113,6
8114,3
8115,8
8116,8
8117,9
8118,7
8119,7
8120,5
8121,0
8122,7
8123,5
8124,3
8125,4
8126,0
8127,3
8128,9
8129,8
8130,6
8131,1
8132,7
8133,0
8134,7
8135,7
8136,5
8137,8
8138,6
8139,7
8140,3
8141,4
8142,9
8143,3
8144,9
8145,6
8146,0
8147,1
8148,2
8149,4
8150,6
8151,5
8152,8
8153,2
8154,5
8155,3
8156,9
8157,8
8158,7
8159,3
8160,4
8161,0
8162,6
8163,0
8164,5
8165,9
8166,2
8167,0
8168,0
8169,0
8170,8
8171,3
8172,2
8173,8
8174,5
8175,1
8176,4
8177,7
8178,4
8179,1
8180,7
8181,3
8182,7
8183,5
8184,1
8185,0
8186,1
8187,5
8188,6
8189,7
8190,3
8191,7
8192,2
8193,7
8194,3
8195,5
8196,2
8197,0
8198,1
8199,6
8200,1
8201,5
8202,2
8203,0
8204,4
8205,1
8206,9
8207,1
8208,7
8209,3
8210,3
8211,7
8212,0
8213,4
8214,4
8215,7
8216,5
8217,2
8218,3
8219,0
8220,8
8221,0
8222,4
8223,7
8224,1
8225,5
8226,2
8227,1
8228,6
8229,9
8230,0
8231,5
8232,0
8233,0
8234,3
8235,7
8236,9
8237,1
8238,5
8239,9
8240,3
8241,6
8242,3
8243,5
8244,8
8245,5
8246,9
8247,3
8248,0
8249,4
8250,7
8251,6
8252,7
8253,2
8254,3
8255,8
8256,6
8257,5
8258,8
8259,9
8260,0
8261,0
8262,9
8263,3
8264,3
8265,0
8266,9
8267,3
8268,5
8269,9
8270,5
8271,3
8272,7
8273,1
8274,6
8275,1
8276,4
8277,6
8278,0
8279,7
8280,9
8281,9
8282,5
8283,4
8284,4
8285,3
8286,0
8287,8
8288,4
8289,4
8290,2
8291,5
8292,9
8293,4
8294,3
8295,9
8296,4
8297,6
8298,1
8299,7
8300,5
8301,3
8302,0
8303,7
8304,5
8305,0
8306,1
8307,9
8308,9
8309,8
8310,8
8311,9
8312,0
8313,3
8314,2
8315,0
8316,5
8317,0
8318,1
8319,6
8320,7
8321,7
8322,3
8323,0
8324,2
8325,8
8326,6
8327,7
8328,3
8329,2
8330,9
8331,0
8332,5
8333,0
8334,7
8335,7
8336,1
8337,6
8338,4
8339,5
8340,5
8341,1
8342,0
8343,7
8344,8
8345,5
8346,2
8347,4
8348,3
8349,9
8350,2
8351,6
8352,7
8353,6
8354,1
8355,5
8356,1
8357,7
8358,9
8359,8
8360,8
8361,2
8362,9
8363,6
8364,6
8365,4
8366,6
8367,8
8368,7
8369,0
8370,9
8371,5
8372,1
8373,3
8374,0
8375,8
8376,4
8377,2
8378,1
8379,6
8380,2
8381,8
8382,4
8383,1
8384,2
8385,1
8386,6
8387,3
8388,8
8389,8
8390,3
8391,6
8392,3
8393,3
8394,3
8395,8
8396,9
8397,3
8398,5
8399,0
8400,0
8401,7
8402,8
8403,1
8404,4
8405,4
8406,8
8407,3
8408,8
8409,0
8410,0
8411,8
8412,5
8413,7
8414,5
8415,5
8416,9
8417,5
8418,7
8419,6
8420,5
8421,6
8422,0
8423,4
8424,1
8425,7
8426,1
8427,2
8428,0
8429,6
8430,7
8431,7
8432,0
8433,3
8434,9
8435,0
8436,2
8437,1
8438,3
8439,7
8440,3
8441,4
8442,2
8443,7
8444,3
8445,6
8446,1
8447,1
8448,5
8449,1
8450,6
8451,7
8452,1
8453,8
8454,2
8455,1
8456,4
8457,3
8458,3
8459,5
8460,1
8461,6
8462,0
8463,2
8464,7
8465,6
8466,8
8467,8
8468,9
8469,6
8470,5
8471,1
8472,2
8473,7
8474,1
8475,8
8476,9
8477,5
8478,4
8479,1
8480,0
8481,6
8482,7
8483,7
8484,1
8485,4
8486,6
8487,6
8488,4
8489,7
8490,8
8491,9
8492,1
8493,3
8494,7
8495,7
8496,0
8497,3
8498,1
8499,5
8500,7
8501,1
8502,3
8503,1
8504,9
8505,4
8506,9
8507,3
8508,1
8509,7
8510,9
8511,3
8512,4
8513,9
8514,5
8515,4
8516,2
8517,2
8518,9
8519,5
8520,9
8521,7
8522,8
8523,9
8524,1
8525,9
8526,8
8527,7
8528,6
8529,3
8530,4
8531,9
8532,1
8533,8
8534,0
8535,4
8536,2
8537,9
8538,5
8539,0
8540,9
8541,1
8542,1
8543,6
8544,3
8545,8
8546,3
8547,2
8548,7
8549,0
8550,2
8551,7
8552,2
8553,2
8554,6
8555,7
8556,5
8557,4
8558,8
8559,3
8560,1
8561,7
8562,1
8563,7
8564,5
8565,8
8566,7
8567,4
8568,2
8569,1
8570,2
8571,7
8572,3
8573,5
8574,2
8575,4
8576,3
8577,5
8578,1
8579,1
8580,7
8581,1
8582,0
8583,8
8584,9
8585,5
8586,4
8587,0
8588,8
8589,3
8590,4
8591,7
8592,0
8593,2
8594,6
8595,1
8596,9
8597,7
8598,6
8599,2
8600,5
8601,4
8602,3
8603,2
8604,3
8605,0
8606,3
8607,7
8608,8
8609,6
8610,5
8611,5
8612,9
8613,6
8614,2
8615,0
8616,3
8617,7
8618,3
8619,0
8620,4
8621,8
8622,2
8623,0
8624,9
8625,6
8626,6
8627,6
8628,8
8629,7
8630,2
8631,0
8632,1
8633,2
8634,8
8635,5
8636,1
8637,6
8638,8
8639,4
8640,8
8641,2
8642,1
8643,3
8644,0
8645,2
8646,3
8647,6
8648,2
8649,5
8650,8
8651,1
8652,7
8653,7
8654,2
8655,8
8656,5
8657,7
8658,5
8659,2
8660,4
8661,7
8662,1
8663,3
8664,1
8665,1
8666,0
8667,1
8668,1
8669,7
8670,8
8671,1
8672,0
8673,9
8674,2
8675,3
8676,1
8677,1
8678,2
8679,3
8680,8
8681,5
8682,0
8683,1
8684,0
8685,0
8686,0
8687,8
8688,3
8689,7
8690,8
8691,9
8692,1
8693,7
8694,6
8695,3
8696,1
8697,9
8698,6
8699,7
8700,4
8701,5
8702,6
8703,6
8704,7
8705,7
8706,0
8707,9
8708,2
8709,1
8710,1
8711,1
8712,5
8713,7
8714,4
8715,0
8716,1
8717,5
8718,1
8719,8
8720,1
8721,2
8722,2
8723,4
8724,9
8725,3
8726,4
8727,9
8728,9
8729,7
8730,2
8731,9
8732,0
8733,6
8734,1
8735,7
8736,6
8737,2
8738,6
8739,9
8740,5
8741,1
8742,0
8743,7
8744,1
8745,1
8746,7
8747,7
8748,3
8749,7
8750,5
8751,2
8752,7
8753,9
8754,5
8755,4
8756,6
8757,9
8758,5
8759,7
8760,1
8761,6
8762,1
8763,1
8764,0
8765,5
8766,5
8767,7
8768,6
8769,4
8770,4
8771,8
8772,7
8773,5
8774,0
8775,4
8776,9
8777,0
8778,9
8779,8
8780,5
8781,9
8782,3
8783,4
8784,0
8785,9
8786,2
8787,3
8788,9
8789,0
8790,5
8791,0
8792,6
8793,5
8794,8
8795,9
8796,6
8797,7
8798,6
8799,1
8800,8
8801,5
8802,9
8803,1
8804,5
8805,0
8806,9
8807,7
8808,1
8809,5
8810,6
8811,0
8812,7
8813,6
8814,7
8815,5
8816,8
8817,6
8818,7
8819,1
8820,2
8821,7
8822,1
8823,4
8824,3
8825,9
8826,9
8827,8
8828,9
8829,9
8830,2
8831,4
8832,4
8833,9
8834,3
8835,4
8836,0
8837,8
8838,1
8839,4
8840,0
8841,3
8842,3
8843,6
8844,6
8845,3
8846,7
8847,1
8848,4
8849,0
8850,4
8851,4
8852,6
8853,9
8854,0
8855,6
8856,4
8857,2
8858,4
8859,0
8860,1
8861,3
8862,1
8863,0
8864,0
8865,0
8866,1
8867,1
8868,1
8869,6
8870,6
8871,1
8872,9
8873,6
8874,3
8875,4
8876,6
8877,2
8878,1
8879,2
8880,1
8881,6
8882,7
8883,4
8884,1
8885,6
8886,7
8887,6
8888,0
8889,0
8890,7
8891,7
8892,9
8893,5
8894,1
8895,5
8896,1
8897,1
8898,5
8899,0
8900,5
8901,1
8902,4
8903,5
8904,1
8905,8
8906,0
8907,4
8908,2
8909,9
8910,2
8911,5
8912,4
8913,1
8914,5
8915,0
8916,9
8917,4
8918,4
8919,0
8920,1
8921,2
8922,0
8923,6
8924,5
8925,9
8926,2
8927,8
8928,3
8929,7
8930,1
8931,8
8932,8
8933,4
8934,5
8935,6
8936,8
8937,1
8938,9
8939,5
8940,8
8941,9
8942,8
8943,3
8944,0
8945,3
8946,1
8947,4
8948,6
8949,7
8950,0
8951,2
8952,2
8953,5
8954,1
8955,4
8956,8
8957,3
8958,3
8959,5
8960,2
8961,1
8962,3
8963,4
8964,2
8965,2
8966,1
8967,7
8968,7
8969,9
8970,7
8971,4
8972,6
8973,3
8974,5
8975,5
8976,6
8977,0
8978,4
8979,2
8980,2
8981,9
8982,6
8983,0
8984,8
8985,9
8986,2
8987,2
8988,2
8989,9
8990,3
8991,1
8992,0
8993,2
8994,4
8995,3
8996,2
8997,3
8998,9
8999,0
9000,4
9001,5
9002,1
9003,6
9004,5
9005,2
9006,1
9007,1
9008,9
9009,5
9010,5
9011,4
9012,7
9013,4
9014,4
9015,9
9016,9
9017,7
9018,7
9019,7
9020,9
9021,5
9022,7
9023,2
9024,6
9025,4
9026,1
9027,9
9028,9
9029,8
9030,2
9031,9
9032,0
9033,0
9034,5
9035,2
9036,2
9037,7
9038,1
9039,1
9040,9
9041,0
9042,8
9043,3
9044,6
9045,4
9046,3
9047,2
9048,4
9049,8
9050,7
9051,0
9052,4
9053,6
9054,2
9055,8
9056,2
9057,0
9058,1
9059,8
9060,2
9061,8
9062,8
9063,0
9064,7
9065,1
9066,4
9067,5
9068,6
9069,1
9070,5
9071,6
9072,8
9073,4
9074,8
9075,8
9076,2
9077,0
9078,8
9079,5
9080,5
9081,0
9082,0
9083,2
9084,1
9085,9
9086,0
9087,0
9088,6
9089,8
9090,7
9091,1
9092,4
9093,6
9094,6
9095,3
9096,5
9097,7
9098,7
9099,2
9100,3
9101,5
9102,3
9103,7
9104,6
9105,7
9106,3
9107,3
9108,2
9109,1
9110,0
9111,2
9112,6
9113,1
9114,1
9115,2
9116,3
9117,1
9118,9
9119,5
9120,1
9121,5
9122,5
9123,5
9124,9
9125,8
9126,8
9127,6
9128,6
9129,6
9130,3
9131,2
9132,7
9133,9
9134,7
9135,7
9136,2
9137,5
9138,7
9139,1
9140,1
9141,3
9142,2
9143,1
9144,6
9145,2
9146,0
9147,6
9148,0
9149,7
9150,9
9151,3
9152,2
9153,8
9154,5
9155,3
9156,8
9157,7
9158,5
9159,1
9160,5
9161,7
9162,2
9163,0
9164,4
9165,4
9166,7
9167,1
9168,3
9169,7
9170,0
9171,7
9172,4
9173,3
9174,0
9175,0
9176,7
9177,8
9178,7
9179,2
9180,0
9181,2
9182,4
9183,6
9184,4
9185,5
9186,7
9187,9
9188,1
9189,2
9190,9
9191,6
9192,5
9193,3
9194,6
9195,2
9196,3
9197,1
9198,1
9199,4
9200,1
9201,5
9202,2
9203,2
9204,6
9205,4
9206,0
9207,3
9208,7
9209,5
9210,4
9211,5
9212,2
9213,4
9214,0
9215,1
9216,7
9217,8
9218,9
9219,6
9220,9
9221,0
9222,6
9223,0
9224,5
9225,0
9226,1
9227,1
9228,7
9229,4
9230,4
9231,5
9232,0
9233,7
9234,0
9235,0
9236,1
9237,2
9238,1
9239,1
9240,9
9241,4
9242,4
9243,2
9244,8
9245,0
9246,7
9247,4
9248,5
9249,2
9250,1
9251,6
9252,8
9253,8
9254,8
9255,4
9256,6
9257,3
9258,7
9259,8
9260,4
9261,1
9262,7
9263,6
9264,2
9265,6
9266,6
9267,3
9268,5
9269,2
9270,9
9271,0
9272,3
9273,0
9274,8
9275,4
9276,5
9277,3
9278,5
9279,5
9280,7
9281,0
9282,3
9283,8
9284,7
9285,2
9286,9
9287,4
9288,0
9289,7
9290,7
9291,3
9292,5
9293,6
9294,5
9295,8
9296,3
9297,1
9298,3
9299,2
9300,0
9301,7
9302,2
9303,4
9304,9
9305,5
9306,7
9307,7
9308,7
9309,4
9310,3
9311,2
9312,9
9313,9
9314,7
9315,6
9316,5
9317,1
9318,8
9319,5
9320,1
9321,1
9322,8
9323,3
9324,7
9325,9
9326,7
9327,9
9328,7
9329,0
9330,1
9331,5
9332,5
9333,0
9334,6
9335,4
9336,7
9337,9
9338,9
9339,2
9340,7
9341,9
9342,4
9343,1
9344,6
9345,6
9346,2
9347,9
9348,9
9349,0
9350,0
9351,1
9352,7
9353,3
9354,0
9355,2
9356,4
9357,2
9358,1
9359,0
9360,2
9361,8
9362,1
9363,4
9364,3
9365,7
9366,3
9367,8
9368,6
9369,4
9370,2
9371,9
9372,4
9373,8
9374,9
9375,6
9376,7
9377,0
9378,2
9379,3
9380,5
9381,8
9382,6
9383,9
9384,6
9385,3
9386,4
9387,1
9388,7
9389,5
9390,6
9391,7
9392,6
9393,3
9394,1
9395,1
9396,3
9397,9
9398,0
9399,8
9400,7
9401,5
9402,3
9403,4
9404,1
9405,2
9406,1
9407,7
9408,7
9409,6
9410,2
9411,6
9412,2
9413,1
9414,7
9415,3
9416,5
9417,2
9418,8
9419,7
9420,9
9421,8
9422,6
9423,0
9424,8
9425,1
9426,0
9427,2
9428,1
9429,6
9430,3
9431,1
9432,6
9433,5
9434,6
9435,3
9436,1
9437,0
9438,2
9439,1
9440,1
9441,0
9442,5
9443,7
9444,6
9445,5
9446,2
9447,3
9448,7
9449,0
9450,8
9451,0
9452,6
9453,5
9454,3
9455,7
9456,4
9457,5
9458,2
9459,2
9460,6
9461,7
9462,2
9463,3
9464,6
9465,1
9466,3
9467,5
9468,5
9469,6
9470,6
9471,6
9472,3
9473,3
9474,1
9475,8
9476,6
9477,9
9478,6
9479,9
9480,9
9481,0
9482,7
9483,0
9484,3
9485,2
9486,2
9487,0
9488,5
9489,1
9490,5
9491,8
9492,0
9493,4
9494,2
9495,7
9496,2
9497,8
9498,0
9499,1
9500,6
9501,2
9502,1
9503,1
9504,2
9505,7
9506,8
9507,5
9508,1
9509,2
9510,7
9511,4
9512,5
9513,3
9514,0
9515,1
9516,0
9517,8
9518,7
9519,3
9520,8
9521,1
9522,1
9523,4
9524,5
9525,4
9526,9
9527,1
9528,3
9529,3
9530,2
9531,1
9532,9
9533,8
9534,1
9535,4
9536,5
9537,9
9538,7
9539,9
9540,9
9541,4
9542,7
9543,9
9544,8
9545,2
9546,7
9547,7
9548,9
9549,3
9550,3
9551,0
9552,8
9553,5
9554,5
9555,2
9556,5
9557,8
9558,7
9559,5
9560,1
9561,2
9562,4
9563,3
9564,0
9565,5
9566,8
9567,4
9568,8
9569,4
9570,7
9571,4
9572,6
9573,6
9574,6
9575,3
9576,3
9577,9
9578,3
9579,8
9580,8
9581,0
9582,3
9583,9
9584,3
9585,7
9586,4
9587,0
9588,6
9589,6
9590,2
9591,2
9592,9
9593,4
9594,9
9595,6
9596,9
9597,9
9598,5
9599,5
9600,2
9601,9
9602,2
9603,5
9604,7
9605,2
9606,6
9607,5
9608,4
9609,2
9610,0
9611,7
9612,5
9613,8
9614,8
9615,3
9616,3
9617,6
9618,3
9619,1
9620,1
9621,3
9622,1
9623,8
9624,5
9625,8
9626,4
9627,7
9628,1
9629,2
9630,6
9631,0
9632,0
9633,1
9634,2
9635,6
9636,6
9637,8
9638,9
9639,6
9640,0
9641,7
9642,0
9643,0
9644,8
9645,4
9646,5
9647,6
9648,1
9649,5
9650,6
9651,0
9652,9
9653,9
9654,0
9655,9
9656,3
9657,4
9658,4
9659,9
9660,6
9661,6
9662,5
9663,5
9664,7
9665,3
9666,9
9667,6
9668,5
9669,2
9670,4
9671,3
9672,3
9673,1
9674,9
9675,7
9676,1
9677,2
9678,8
9679,2
9680,9
9681,9
9682,3
9683,7
9684,2
9685,1
9686,6
9687,5
9688,8
9689,2
9690,7
9691,1
9692,8
9693,4
9694,2
9695,0
9696,5
9697,3
9698,0
9699,7
9700,3
9701,7
9702,8
9703,0
9704,2
9705,3
9706,8
9707,1
9708,0
9709,0
9710,3
9711,3
9712,4
9713,1
9714,9
9715,3
9716,1
9717,0
9718,6
9719,1
9720,5
9721,1
9722,2
9723,5
9724,0
9725,2
9726,0
9727,1
9728,7
9729,7
9730,6
9731,4
9732,0
9733,3
9734,9
9735,1
9736,4
9737,2
9738,0
9739,7
9740,2
9741,8
9742,5
9743,8
9744,8
9745,4
9746,1
9747,3
9748,6
9749,9
9750,6
9751,8
9752,9
9753,6
9754,7
9755,9
9756,0
9757,1
9758,6
9759,5
9760,9
9761,7
9762,1
9763,3
9764,6
9765,4
9766,0
9767,6
9768,7
9769,0
9770,0
9771,1
9772,3
9773,5
9774,9
9775,9
9776,4
9777,7
9778,0
9779,0
9780,7
9781,1
9782,1
9783,3
9784,2
9785,3
9786,5
9787,4
9788,5
9789,7
9790,9
9791,0
9792,9
9793,3
9794,2
9795,4
9796,2
9797,5
9798,1
9799,9
9800,5
9801,9
9802,7
9803,9
9804,4
9805,9
9806,8
9807,6
9808,8
9809,5
9810,9
9811,3
9812,5
9813,9
9814,8
9815,2
9816,4
9817,1
9818,5
9819,2
9820,1
9821,0
9822,4
9823,7
9824,6
9825,2
9826,2
9827,4
9828,7
9829,6
9830,1
9831,5
9832,9
9833,5
9834,3
9835,3
9836,2
9837,7
9838,6
9839,1
9840,9
9841,6
9842,7
9843,7
9844,8
9845,5
9846,5
9847,9
9848,3
9849,9
9850,4
9851,0
9852,6
9853,5
9854,9
9855,6
9856,6
9857,2
9858,5
9859,7
9860,1
9861,1
9862,3
9863,7
9864,6
9865,4
9866,3
9867,9
9868,4
9869,6
9870,1
9871,0
9872,5
9873,6
9874,2
9875,1
9876,1
9877,7
9878,1
9879,8
9880,4
9881,7
9882,1
9883,1
9884,3
9885,6
9886,2
9887,5
9888,0
9889,5
9890,9
9891,0
9892,2
9893,2
9894,2
9895,0
9896,4
9897,5
9898,4
9899,7
9900,7
9901,3
9902,2
9903,9
9904,9
9905,4
9906,9
9907,9
9908,2
9909,6
9910,2
9911,2
9912,8
9913,4
9914,4
9915,1
9916,7
9917,9
9918,8
9919,9
9920,1
9921,1
9922,9
9923,7
9924,9
9925,8
9926,5
9927,5
9928,0
9929,6
9930,6
9931,5
9932,7
9933,1
9934,1
9935,1
9936,1
9937,9
9938,8
9939,6
9940,1
9941,2
9942,7
9943,5
9944,8
9945,7
9946,9
9947,3
9948,9
9949,1
9950,0
9951,0
9952,4
9953,6
9954,4
9955,2
9956,1
9957,5
9958,8
9959,3
9960,1
9961,0
9962,1
9963,3
9964,3
9965,6
9966,6
9967,4
9968,1
9969,8
9970,4
9971,1
9972,5
9973,8
9974,1
9975,1
9976,0
9977,0
9978,4
9979,3
9980,5
9981,0
9982,8
9983,0
9984,8
9985,1
9986,9
9987,6
9988,5
9989,2
9990,3
9991,3
9992,5
9993,2
9994,5
9995,1
9996,6
9997,2
9998,1
9999,3
10000,4
